pokemon,type_1,type_2,base_experience,height_m,weight_kg,hp,attack,defense,specialattack,specialdefense,speed,ability_1,ability_2,ability_3
bulbasaur,grass,poison,64,0.7,6.9,45,49,49,65,65,45,overgrow,chlorophyll,
ivysaur,grass,poison,142,1.0,13.0,60,62,63,80,80,60,overgrow,chlorophyll,
venusaur,grass,poison,236,2.0,100.0,80,82,83,100,100,80,overgrow,chlorophyll,
charmander,fire,,62,0.6,8.5,39,52,43,60,50,65,blaze,solar-power,
charmeleon,fire,,142,1.1,19.0,58,64,58,80,65,80,blaze,solar-power,
charizard,fire,flying,240,1.7,90.5,78,84,78,109,85,100,blaze,solar-power,
squirtle,water,,63,0.5,9.0,44,48,65,50,64,43,torrent,rain-dish,
wartortle,water,,142,1.0,22.5,59,63,80,65,80,58,torrent,rain-dish,
blastoise,water,,239,1.6,85.5,79,83,100,85,105,78,torrent,rain-dish,
caterpie,bug,,39,0.3,2.9,45,30,35,20,20,45,shield-dust,run-away,
metapod,bug,,72,0.7,9.9,50,20,55,25,25,30,shed-skin,,
butterfree,bug,flying,178,1.1,32.0,60,45,50,90,80,70,compound-eyes,tinted-lens,
weedle,bug,poison,39,0.3,3.2,40,35,30,20,20,50,shield-dust,run-away,
kakuna,bug,poison,72,0.6,10.0,45,25,50,25,25,35,shed-skin,,
beedrill,bug,poison,178,1.0,29.5,65,90,40,45,80,75,swarm,sniper,
pidgey,normal,flying,50,0.3,1.8,40,45,40,35,35,56,keen-eye,tangled-feet,big-pecks
pidgeotto,normal,flying,122,1.1,30.0,63,60,55,50,50,71,keen-eye,tangled-feet,big-pecks
pidgeot,normal,flying,216,1.5,39.5,83,80,75,70,70,101,keen-eye,tangled-feet,big-pecks
rattata,normal,,51,0.3,3.5,30,56,35,25,35,72,run-away,guts,hustle
raticate,normal,,145,0.7,18.5,55,81,60,50,70,97,run-away,guts,hustle
spearow,normal,flying,52,0.3,2.0,40,60,30,31,31,70,keen-eye,sniper,
fearow,normal,flying,155,1.2,38.0,65,90,65,61,61,100,keen-eye,sniper,
ekans,poison,,58,2.0,6.9,35,60,44,40,54,55,intimidate,shed-skin,unnerve
arbok,poison,,157,3.5,65.0,60,95,69,65,79,80,intimidate,shed-skin,unnerve
pikachu,electric,,112,0.4,6.0,35,55,40,50,50,90,static,lightning-rod,
raichu,electric,,218,0.8,30.0,60,90,55,90,80,110,static,lightning-rod,
sandshrew,ground,,60,0.6,12.0,50,75,85,20,30,40,sand-veil,sand-rush,
sandslash,ground,,158,1.0,29.5,75,100,110,45,55,65,sand-veil,sand-rush,
nidoran-f,poison,,55,0.4,7.0,55,47,52,40,40,41,poison-point,rivalry,hustle
nidorina,poison,,128,0.8,20.0,70,62,67,55,55,56,poison-point,rivalry,hustle
nidoqueen,poison,ground,227,1.3,60.0,90,92,87,75,85,76,poison-point,rivalry,sheer-force
nidoran-m,poison,,55,0.5,9.0,46,57,40,40,40,50,poison-point,rivalry,hustle
nidorino,poison,,128,0.9,19.5,61,72,57,55,55,65,poison-point,rivalry,hustle
nidoking,poison,ground,227,1.4,62.0,81,102,77,85,75,85,poison-point,rivalry,sheer-force
clefairy,fairy,,113,0.6,7.5,70,45,48,60,65,35,cute-charm,magic-guard,friend-guard
clefable,fairy,,217,1.3,40.0,95,70,73,95,90,60,cute-charm,magic-guard,unaware
vulpix,fire,,60,0.6,9.9,38,41,40,50,65,65,flash-fire,drought,
ninetales,fire,,177,1.1,19.9,73,76,75,81,100,100,flash-fire,drought,
jigglypuff,normal,fairy,95,0.5,5.5,115,45,20,45,25,20,cute-charm,competitive,friend-guard
wigglytuff,normal,fairy,196,1.0,12.0,140,70,45,85,50,45,cute-charm,competitive,frisk
zubat,poison,flying,49,0.8,7.5,40,45,35,30,40,55,inner-focus,infiltrator,
golbat,poison,flying,159,1.6,55.0,75,80,70,65,75,90,inner-focus,infiltrator,
oddish,grass,poison,64,0.5,5.4,45,50,55,75,65,30,chlorophyll,run-away,
gloom,grass,poison,138,0.8,8.6,60,65,70,85,75,40,chlorophyll,stench,
vileplume,grass,poison,221,1.2,18.6,75,80,85,110,90,50,chlorophyll,effect-spore,
paras,bug,grass,57,0.3,5.4,35,70,55,45,55,25,effect-spore,dry-skin,damp
parasect,bug,grass,142,1.0,29.5,60,95,80,60,80,30,effect-spore,dry-skin,damp
venonat,bug,poison,61,1.0,30.0,60,55,50,40,55,45,compound-eyes,tinted-lens,run-away
venomoth,bug,poison,158,1.5,12.5,70,65,60,90,75,90,shield-dust,tinted-lens,wonder-skin
diglett,ground,,53,0.2,0.8,10,55,25,35,45,95,sand-veil,arena-trap,sand-force
dugtrio,ground,,149,0.7,33.3,35,100,50,50,70,120,sand-veil,arena-trap,sand-force
meowth,normal,,58,0.4,4.2,40,45,35,40,40,90,pickup,technician,unnerve
persian,normal,,154,1.0,32.0,65,70,60,65,65,115,limber,technician,unnerve
psyduck,water,,64,0.8,19.6,50,52,48,65,50,55,damp,cloud-nine,swift-swim
golduck,water,,175,1.7,76.6,80,82,78,95,80,85,damp,cloud-nine,swift-swim
mankey,fighting,,61,0.5,28.0,40,80,35,35,45,70,vital-spirit,anger-point,defiant
primeape,fighting,,159,1.0,32.0,65,105,60,60,70,95,vital-spirit,anger-point,defiant
growlithe,fire,,70,0.7,19.0,55,70,45,70,50,60,intimidate,flash-fire,justified
arcanine,fire,,194,1.9,155.0,90,110,80,100,80,95,intimidate,flash-fire,justified
poliwag,water,,60,0.6,12.4,40,50,40,40,40,90,water-absorb,damp,swift-swim
poliwhirl,water,,135,1.0,20.0,65,65,65,50,50,90,water-absorb,damp,swift-swim
poliwrath,water,fighting,230,1.3,54.0,90,95,95,70,90,70,water-absorb,damp,swift-swim
abra,psychic,,62,0.9,19.5,25,20,15,105,55,90,synchronize,inner-focus,magic-guard
kadabra,psychic,,140,1.3,56.5,40,35,30,120,70,105,synchronize,inner-focus,magic-guard
alakazam,psychic,,225,1.5,48.0,55,50,45,135,95,120,synchronize,inner-focus,magic-guard
machop,fighting,,61,0.8,19.5,70,80,50,35,35,35,guts,no-guard,steadfast
machoke,fighting,,142,1.5,70.5,80,100,70,50,60,45,guts,no-guard,steadfast
machamp,fighting,,227,1.6,130.0,90,130,80,65,85,55,guts,no-guard,steadfast
bellsprout,grass,poison,60,0.7,4.0,50,75,35,70,30,40,chlorophyll,gluttony,
weepinbell,grass,poison,137,1.0,6.4,65,90,50,85,45,55,chlorophyll,gluttony,
victreebel,grass,poison,221,1.7,15.5,80,105,65,100,70,70,chlorophyll,gluttony,
tentacool,water,poison,67,0.9,45.5,40,40,35,50,100,70,clear-body,liquid-ooze,rain-dish
tentacruel,water,poison,180,1.6,55.0,80,70,65,80,120,100,clear-body,liquid-ooze,rain-dish
geodude,rock,ground,60,0.4,20.0,40,80,100,30,30,20,rock-head,sturdy,sand-veil
graveler,rock,ground,137,1.0,105.0,55,95,115,45,45,35,rock-head,sturdy,sand-veil
golem,rock,ground,223,1.4,300.0,80,120,130,55,65,45,rock-head,sturdy,sand-veil
ponyta,fire,,82,1.0,30.0,50,85,55,65,65,90,run-away,flash-fire,flame-body
rapidash,fire,,175,1.7,95.0,65,100,70,80,80,105,run-away,flash-fire,flame-body
slowpoke,water,psychic,63,1.2,36.0,90,65,65,40,40,15,oblivious,own-tempo,regenerator
slowbro,water,psychic,172,1.6,78.5,95,75,110,100,80,30,oblivious,own-tempo,regenerator
magnemite,electric,steel,65,0.3,6.0,25,35,70,95,55,45,magnet-pull,sturdy,analytic
magneton,electric,steel,163,1.0,60.0,50,60,95,120,70,70,magnet-pull,sturdy,analytic
farfetchd,normal,flying,132,0.8,15.0,52,90,55,58,62,60,keen-eye,inner-focus,defiant
doduo,normal,flying,62,1.4,39.2,35,85,45,35,35,75,run-away,early-bird,tangled-feet
dodrio,normal,flying,165,1.8,85.2,60,110,70,60,60,110,run-away,early-bird,tangled-feet
seel,water,,65,1.1,90.0,65,45,55,45,70,45,thick-fat,hydration,ice-body
dewgong,water,ice,166,1.7,120.0,90,70,80,70,95,70,thick-fat,hydration,ice-body
grimer,poison,,65,0.9,30.0,80,80,50,40,50,25,stench,sticky-hold,poison-touch
muk,poison,,175,1.2,30.0,105,105,75,65,100,50,stench,sticky-hold,poison-touch
shellder,water,,61,0.3,4.0,30,65,100,45,25,40,shell-armor,skill-link,overcoat
cloyster,water,ice,184,1.5,132.5,50,95,180,85,45,70,shell-armor,skill-link,overcoat
gastly,ghost,poison,62,1.3,0.1,30,35,30,100,35,80,levitate,,
haunter,ghost,poison,142,1.6,0.1,45,50,45,115,55,95,levitate,,
gengar,ghost,poison,225,1.5,40.5,60,65,60,130,75,110,cursed-body,,
onix,rock,ground,77,8.8,210.0,35,45,160,30,45,70,rock-head,sturdy,weak-armor
drowzee,psychic,,66,1.0,32.4,60,48,45,43,90,42,insomnia,forewarn,inner-focus
hypno,psychic,,169,1.6,75.6,85,73,70,73,115,67,insomnia,forewarn,inner-focus
krabby,water,,65,0.4,6.5,30,105,90,25,25,50,hyper-cutter,shell-armor,sheer-force
kingler,water,,166,1.3,60.0,55,130,115,50,50,75,hyper-cutter,shell-armor,sheer-force
voltorb,electric,,66,0.5,10.4,40,30,50,55,55,100,soundproof,static,aftermath
electrode,electric,,172,1.2,66.6,60,50,70,80,80,150,soundproof,static,aftermath
exeggcute,grass,psychic,65,0.4,2.5,60,40,80,60,45,40,chlorophyll,harvest,
exeggutor,grass,psychic,186,2.0,120.0,95,95,85,125,75,55,chlorophyll,harvest,
cubone,ground,,64,0.4,6.5,50,50,95,40,50,35,rock-head,lightning-rod,battle-armor
marowak,ground,,149,1.0,45.0,60,80,110,50,80,45,rock-head,lightning-rod,battle-armor
hitmonlee,fighting,,159,1.5,49.8,50,120,53,35,110,87,limber,reckless,unburden
hitmonchan,fighting,,159,1.4,50.2,50,105,79,35,110,76,keen-eye,iron-fist,inner-focus
lickitung,normal,,77,1.2,65.5,90,55,75,60,75,30,own-tempo,oblivious,cloud-nine
koffing,poison,,68,0.6,1.0,40,65,95,60,45,35,levitate,neutralizing-gas,stench
weezing,poison,,172,1.2,9.5,65,90,120,85,70,60,levitate,neutralizing-gas,stench
rhyhorn,ground,rock,69,1.0,115.0,80,85,95,30,30,25,lightning-rod,rock-head,reckless
rhydon,ground,rock,170,1.9,120.0,105,130,120,45,45,40,lightning-rod,rock-head,reckless
chansey,normal,,395,1.1,34.6,250,5,5,35,105,50,natural-cure,serene-grace,healer
tangela,grass,,87,1.0,35.0,65,55,115,100,40,60,chlorophyll,leaf-guard,regenerator
kangaskhan,normal,,172,2.2,80.0,105,95,80,40,80,90,early-bird,scrappy,inner-focus
horsea,water,,59,0.4,8.0,30,40,70,70,25,60,swift-swim,sniper,damp
seadra,water,,154,1.2,25.0,55,65,95,95,45,85,poison-point,sniper,damp
goldeen,water,,64,0.6,15.0,45,67,60,35,50,63,swift-swim,water-veil,lightning-rod
seaking,water,,158,1.3,39.0,80,92,65,65,80,68,swift-swim,water-veil,lightning-rod
staryu,water,,68,0.8,34.5,30,45,55,70,55,85,illuminate,natural-cure,analytic
starmie,water,psychic,182,1.1,80.0,60,75,85,100,85,115,illuminate,natural-cure,analytic
mr-mime,psychic,fairy,161,1.3,54.5,40,45,65,100,120,90,soundproof,filter,technician
scyther,bug,flying,100,1.5,56.0,70,110,80,55,80,105,swarm,technician,steadfast
jynx,ice,psychic,159,1.4,40.6,65,50,35,115,95,95,oblivious,forewarn,dry-skin
electabuzz,electric,,172,1.1,30.0,65,83,57,95,85,105,static,vital-spirit,
magmar,fire,,173,1.3,44.5,65,95,57,100,85,93,flame-body,vital-spirit,
pinsir,bug,,175,1.5,55.0,65,125,100,55,70,85,hyper-cutter,mold-breaker,moxie
tauros,normal,,172,1.4,88.4,75,100,95,40,70,110,intimidate,anger-point,sheer-force
magikarp,water,,40,0.9,10.0,20,10,55,15,20,80,swift-swim,rattled,
gyarados,water,flying,189,6.5,235.0,95,125,79,60,100,81,intimidate,moxie,
lapras,water,ice,187,2.5,220.0,130,85,80,85,95,60,water-absorb,shell-armor,hydration
ditto,normal,,101,0.3,4.0,48,48,48,48,48,48,limber,imposter,
eevee,normal,,65,0.3,6.5,55,55,50,45,65,55,run-away,adaptability,anticipation
vaporeon,water,,184,1.0,29.0,130,65,60,110,95,65,water-absorb,hydration,
jolteon,electric,,184,0.8,24.5,65,65,60,110,95,130,volt-absorb,quick-feet,
flareon,fire,,184,0.9,25.0,65,130,60,95,110,65,flash-fire,guts,
porygon,normal,,79,0.8,36.5,65,60,70,85,75,40,trace,download,analytic
omanyte,rock,water,71,0.4,7.5,35,40,100,90,55,35,swift-swim,shell-armor,weak-armor
omastar,rock,water,173,1.0,35.0,70,60,125,115,70,55,swift-swim,shell-armor,weak-armor
kabuto,rock,water,71,0.5,11.5,30,80,90,55,45,55,swift-swim,battle-armor,weak-armor
kabutops,rock,water,173,1.3,40.5,60,115,105,65,70,80,swift-swim,battle-armor,weak-armor
aerodactyl,rock,flying,180,1.8,59.0,80,105,65,60,75,130,rock-head,pressure,unnerve
snorlax,normal,,189,2.1,460.0,160,110,65,65,110,30,immunity,thick-fat,gluttony
articuno,ice,flying,261,1.7,55.4,90,85,100,95,125,85,pressure,snow-cloak,
zapdos,electric,flying,261,1.6,52.6,90,90,85,125,90,100,pressure,static,
moltres,fire,flying,261,2.0,60.0,90,100,90,125,85,90,pressure,flame-body,
dratini,dragon,,60,1.8,3.3,41,64,45,50,50,50,shed-skin,marvel-scale,
dragonair,dragon,,147,4.0,16.5,61,84,65,70,70,70,shed-skin,marvel-scale,
dragonite,dragon,flying,270,2.2,210.0,91,134,95,100,100,80,inner-focus,multiscale,
mewtwo,psychic,,306,2.0,122.0,106,110,90,154,90,130,pressure,unnerve,
mew,psychic,,270,0.4,4.0,100,100,100,100,100,100,synchronize,,
chikorita,grass,,64,0.9,6.4,45,49,65,49,65,45,overgrow,leaf-guard,
bayleef,grass,,142,1.2,15.8,60,62,80,63,80,60,overgrow,leaf-guard,
meganium,grass,,236,1.8,100.5,80,82,100,83,100,80,overgrow,leaf-guard,
cyndaquil,fire,,62,0.5,7.9,39,52,43,60,50,65,blaze,flash-fire,
quilava,fire,,142,0.9,19.0,58,64,58,80,65,80,blaze,flash-fire,
typhlosion,fire,,240,1.7,79.5,78,84,78,109,85,100,blaze,flash-fire,
totodile,water,,63,0.6,9.5,50,65,64,44,48,43,torrent,sheer-force,
croconaw,water,,142,1.1,25.0,65,80,80,59,63,58,torrent,sheer-force,
feraligatr,water,,239,2.3,88.8,85,105,100,79,83,78,torrent,sheer-force,
sentret,normal,,43,0.8,6.0,35,46,34,35,45,20,run-away,keen-eye,frisk
furret,normal,,145,1.8,32.5,85,76,64,45,55,90,run-away,keen-eye,frisk
hoothoot,normal,flying,52,0.7,21.2,60,30,30,36,56,50,insomnia,keen-eye,tinted-lens
noctowl,normal,flying,158,1.6,40.8,100,50,50,86,96,70,insomnia,keen-eye,tinted-lens
ledyba,bug,flying,53,1.0,10.8,40,20,30,40,80,55,swarm,early-bird,rattled
ledian,bug,flying,137,1.4,35.6,55,35,50,55,110,85,swarm,early-bird,iron-fist
spinarak,bug,poison,50,0.5,8.5,40,60,40,40,40,30,swarm,insomnia,sniper
ariados,bug,poison,140,1.1,33.5,70,90,70,60,70,40,swarm,insomnia,sniper
crobat,poison,flying,241,1.8,75.0,85,90,80,70,80,130,inner-focus,infiltrator,
chinchou,water,electric,66,0.5,12.0,75,38,38,56,56,67,volt-absorb,illuminate,water-absorb
lanturn,water,electric,161,1.2,22.5,125,58,58,76,76,67,volt-absorb,illuminate,water-absorb
pichu,electric,,41,0.3,2.0,20,40,15,35,35,60,static,lightning-rod,
cleffa,fairy,,44,0.3,3.0,50,25,28,45,55,15,cute-charm,magic-guard,friend-guard
igglybuff,normal,fairy,42,0.3,1.0,90,30,15,40,20,15,cute-charm,competitive,friend-guard
togepi,fairy,,49,0.3,1.5,35,20,65,40,65,20,hustle,serene-grace,super-luck
togetic,fairy,flying,142,0.6,3.2,55,40,85,80,105,40,hustle,serene-grace,super-luck
natu,psychic,flying,64,0.2,2.0,40,50,45,70,45,70,synchronize,early-bird,magic-bounce
xatu,psychic,flying,165,1.5,15.0,65,75,70,95,70,95,synchronize,early-bird,magic-bounce
mareep,electric,,56,0.6,7.8,55,40,40,65,45,35,static,plus,
flaaffy,electric,,128,0.8,13.3,70,55,55,80,60,45,static,plus,
ampharos,electric,,230,1.4,61.5,90,75,85,115,90,55,static,plus,
bellossom,grass,,221,0.4,5.8,75,80,95,90,100,50,chlorophyll,healer,
marill,water,fairy,88,0.4,8.5,70,20,50,20,50,40,thick-fat,huge-power,sap-sipper
azumarill,water,fairy,189,0.8,28.5,100,50,80,60,80,50,thick-fat,huge-power,sap-sipper
sudowoodo,rock,,144,1.2,38.0,70,100,115,30,65,30,sturdy,rock-head,rattled
politoed,water,,225,1.1,33.9,90,75,75,90,100,70,water-absorb,damp,drizzle
hoppip,grass,flying,50,0.4,0.5,35,35,40,35,55,50,chlorophyll,leaf-guard,infiltrator
skiploom,grass,flying,119,0.6,1.0,55,45,50,45,65,80,chlorophyll,leaf-guard,infiltrator
jumpluff,grass,flying,207,0.8,3.0,75,55,70,55,95,110,chlorophyll,leaf-guard,infiltrator
aipom,normal,,72,0.8,11.5,55,70,55,40,55,85,run-away,pickup,skill-link
sunkern,grass,,36,0.3,1.8,30,30,30,30,30,30,chlorophyll,solar-power,early-bird
sunflora,grass,,149,0.8,8.5,75,75,55,105,85,30,chlorophyll,solar-power,early-bird
yanma,bug,flying,78,1.2,38.0,65,65,45,75,45,95,speed-boost,compound-eyes,frisk
wooper,water,ground,42,0.4,8.5,55,45,45,25,25,15,damp,water-absorb,unaware
quagsire,water,ground,151,1.4,75.0,95,85,85,65,65,35,damp,water-absorb,unaware
espeon,psychic,,184,0.9,26.5,65,65,60,130,95,110,synchronize,magic-bounce,
umbreon,dark,,184,1.0,27.0,95,65,110,60,130,65,synchronize,inner-focus,
murkrow,dark,flying,81,0.5,2.1,60,85,42,85,42,91,insomnia,super-luck,prankster
slowking,water,psychic,172,2.0,79.5,95,75,80,100,110,30,oblivious,own-tempo,regenerator
misdreavus,ghost,,87,0.7,1.0,60,60,60,85,85,85,levitate,,
unown-a,psychic,,118,0.5,5.0,48,72,48,72,48,48,levitate,,
wobbuffet,psychic,,142,1.3,28.5,190,33,58,33,58,33,shadow-tag,telepathy,
girafarig,normal,psychic,159,1.5,41.5,70,80,65,90,65,85,inner-focus,early-bird,sap-sipper
pineco,bug,,58,0.6,7.2,50,65,90,35,35,15,sturdy,overcoat,
forretress,bug,steel,163,1.2,125.8,75,90,140,60,60,40,sturdy,overcoat,
dunsparce,normal,,145,1.5,14.0,100,70,70,65,65,45,serene-grace,run-away,rattled
gligar,ground,flying,86,1.1,64.8,65,75,105,35,65,85,hyper-cutter,sand-veil,immunity
steelix,steel,ground,179,9.2,400.0,75,85,200,55,65,30,rock-head,sturdy,sheer-force
snubbull,fairy,,60,0.6,7.8,60,80,50,40,40,30,intimidate,run-away,rattled
granbull,fairy,,158,1.4,48.7,90,120,75,60,60,45,intimidate,quick-feet,rattled
qwilfish,water,poison,88,0.5,3.9,65,95,85,55,55,85,poison-point,swift-swim,intimidate
scizor,bug,steel,175,1.8,118.0,70,130,100,55,80,65,swarm,technician,light-metal
shuckle,bug,rock,177,0.6,20.5,20,10,230,10,230,5,sturdy,gluttony,contrary
heracross,bug,fighting,175,1.5,54.0,80,125,75,40,95,85,swarm,guts,moxie
sneasel,dark,ice,86,0.9,28.0,55,95,55,35,75,115,inner-focus,keen-eye,pickpocket
teddiursa,normal,,66,0.6,8.8,60,80,50,50,50,40,pickup,quick-feet,honey-gather
ursaring,normal,,175,1.8,125.8,90,130,75,75,75,55,guts,quick-feet,unnerve
slugma,fire,,50,0.7,35.0,40,40,40,70,40,20,magma-armor,flame-body,weak-armor
magcargo,fire,rock,151,0.8,55.0,60,50,120,90,80,30,magma-armor,flame-body,weak-armor
swinub,ice,ground,50,0.4,6.5,50,50,40,30,30,50,oblivious,snow-cloak,thick-fat
piloswine,ice,ground,158,1.1,55.8,100,100,80,60,60,50,oblivious,snow-cloak,thick-fat
corsola,water,rock,144,0.6,5.0,65,55,95,65,95,35,hustle,natural-cure,regenerator
remoraid,water,,60,0.6,12.0,35,65,35,65,35,65,hustle,sniper,moody
octillery,water,,168,0.9,28.5,75,105,75,105,75,45,suction-cups,sniper,moody
delibird,ice,flying,116,0.9,16.0,45,55,45,65,45,75,vital-spirit,hustle,insomnia
mantine,water,flying,170,2.1,220.0,85,40,70,80,140,70,swift-swim,water-absorb,water-veil
skarmory,steel,flying,163,1.7,50.5,65,80,140,40,70,70,keen-eye,sturdy,weak-armor
houndour,dark,fire,66,0.6,10.8,45,60,30,80,50,65,early-bird,flash-fire,unnerve
houndoom,dark,fire,175,1.4,35.0,75,90,50,110,80,95,early-bird,flash-fire,unnerve
kingdra,water,dragon,243,1.8,152.0,75,95,95,95,95,85,swift-swim,sniper,damp
phanpy,ground,,66,0.5,33.5,90,60,60,40,40,40,pickup,sand-veil,
donphan,ground,,175,1.1,120.0,90,120,120,60,60,50,sturdy,sand-veil,
porygon2,normal,,180,0.6,32.5,85,80,90,105,95,60,trace,download,analytic
stantler,normal,,163,1.4,71.2,73,95,62,85,65,85,intimidate,frisk,sap-sipper
smeargle,normal,,88,1.2,58.0,55,20,35,20,45,75,own-tempo,technician,moody
tyrogue,fighting,,42,0.7,21.0,35,35,35,35,35,35,guts,steadfast,vital-spirit
hitmontop,fighting,,159,1.4,48.0,50,95,95,35,110,70,intimidate,technician,steadfast
smoochum,ice,psychic,61,0.4,6.0,45,30,15,85,65,65,oblivious,forewarn,hydration
elekid,electric,,72,0.6,23.5,45,63,37,65,55,95,static,vital-spirit,
magby,fire,,73,0.7,21.4,45,75,37,70,55,83,flame-body,vital-spirit,
miltank,normal,,172,1.2,75.5,95,80,105,40,70,100,thick-fat,scrappy,sap-sipper
blissey,normal,,608,1.5,46.8,255,10,10,75,135,55,natural-cure,serene-grace,healer
raikou,electric,,261,1.9,178.0,90,85,75,115,100,115,pressure,inner-focus,
entei,fire,,261,2.1,198.0,115,115,85,90,75,100,pressure,inner-focus,
suicune,water,,261,2.0,187.0,100,75,115,90,115,85,pressure,inner-focus,
larvitar,rock,ground,60,0.6,72.0,50,64,50,45,50,41,guts,sand-veil,
pupitar,rock,ground,144,1.2,152.0,70,84,70,65,70,51,shed-skin,,
tyranitar,rock,dark,270,2.0,202.0,100,134,110,95,100,61,sand-stream,unnerve,
lugia,psychic,flying,306,5.2,216.0,106,90,130,90,154,110,pressure,multiscale,
ho-oh,fire,flying,306,3.8,199.0,106,130,90,110,154,90,pressure,regenerator,
celebi,psychic,grass,270,0.6,5.0,100,100,100,100,100,100,natural-cure,,
treecko,grass,,62,0.5,5.0,40,45,35,65,55,70,overgrow,unburden,
grovyle,grass,,142,0.9,21.6,50,65,45,85,65,95,overgrow,unburden,
sceptile,grass,,239,1.7,52.2,70,85,65,105,85,120,overgrow,unburden,
torchic,fire,,62,0.4,2.5,45,60,40,70,50,45,blaze,speed-boost,
combusken,fire,fighting,142,0.9,19.5,60,85,60,85,60,55,blaze,speed-boost,
blaziken,fire,fighting,239,1.9,52.0,80,120,70,110,70,80,blaze,speed-boost,
mudkip,water,,62,0.4,7.6,50,70,50,50,50,40,torrent,damp,
marshtomp,water,ground,142,0.7,28.0,70,85,70,60,70,50,torrent,damp,
swampert,water,ground,241,1.5,81.9,100,110,90,85,90,60,torrent,damp,
poochyena,dark,,56,0.5,13.6,35,55,35,30,30,35,run-away,quick-feet,rattled
mightyena,dark,,147,1.0,37.0,70,90,70,60,60,70,intimidate,quick-feet,moxie
zigzagoon,normal,,56,0.4,17.5,38,30,41,30,41,60,pickup,gluttony,quick-feet
linoone,normal,,147,0.5,32.5,78,70,61,50,61,100,pickup,gluttony,quick-feet
wurmple,bug,,56,0.3,3.6,45,45,35,20,30,20,shield-dust,run-away,
silcoon,bug,,72,0.6,10.0,50,35,55,25,25,15,shed-skin,,
beautifly,bug,flying,178,1.0,28.4,60,70,50,100,50,65,swarm,rivalry,
cascoon,bug,,72,0.7,11.5,50,35,55,25,25,15,shed-skin,,
dustox,bug,poison,173,1.2,31.6,60,50,70,50,90,65,shield-dust,compound-eyes,
lotad,water,grass,44,0.5,2.6,40,30,30,40,50,30,swift-swim,rain-dish,own-tempo
lombre,water,grass,119,1.2,32.5,60,50,50,60,70,50,swift-swim,rain-dish,own-tempo
ludicolo,water,grass,216,1.5,55.0,80,70,70,90,100,70,swift-swim,rain-dish,own-tempo
seedot,grass,,44,0.5,4.0,40,40,50,30,30,30,chlorophyll,early-bird,pickpocket
nuzleaf,grass,dark,119,1.0,28.0,70,70,40,60,40,60,chlorophyll,early-bird,pickpocket
shiftry,grass,dark,216,1.3,59.6,90,100,60,90,60,80,chlorophyll,wind-rider,pickpocket
taillow,normal,flying,54,0.3,2.3,40,55,30,30,30,85,guts,scrappy,
swellow,normal,flying,159,0.7,19.8,60,85,60,75,50,125,guts,scrappy,
wingull,water,flying,54,0.6,9.5,40,30,30,55,30,85,keen-eye,hydration,rain-dish
pelipper,water,flying,154,1.2,28.0,60,50,100,95,70,65,keen-eye,drizzle,rain-dish
ralts,psychic,fairy,40,0.4,6.6,28,25,25,45,35,40,synchronize,trace,telepathy
kirlia,psychic,fairy,97,0.8,20.2,38,35,35,65,55,50,synchronize,trace,telepathy
gardevoir,psychic,fairy,233,1.6,48.4,68,65,65,125,115,80,synchronize,trace,telepathy
surskit,bug,water,54,0.5,1.7,40,30,32,50,52,65,swift-swim,rain-dish,
masquerain,bug,flying,159,0.8,3.6,70,60,62,100,82,80,intimidate,unnerve,
shroomish,grass,,59,0.4,4.5,60,40,60,40,60,35,effect-spore,poison-heal,quick-feet
breloom,grass,fighting,161,1.2,39.2,60,130,80,60,60,70,effect-spore,poison-heal,technician
slakoth,normal,,56,0.8,24.0,60,60,60,35,35,30,truant,,
vigoroth,normal,,154,1.4,46.5,80,80,80,55,55,90,vital-spirit,,
slaking,normal,,252,2.0,130.5,150,160,100,95,65,100,truant,,
nincada,bug,ground,53,0.5,5.5,31,45,90,30,30,40,compound-eyes,run-away,
ninjask,bug,flying,160,0.8,12.0,61,90,45,50,50,160,speed-boost,infiltrator,
shedinja,bug,ghost,83,0.8,1.2,1,90,45,30,30,40,wonder-guard,,
whismur,normal,,48,0.6,16.3,64,51,23,51,23,28,soundproof,rattled,
loudred,normal,,126,1.0,40.5,84,71,43,71,43,48,soundproof,scrappy,
exploud,normal,,221,1.5,84.0,104,91,63,91,73,68,soundproof,scrappy,
makuhita,fighting,,47,1.0,86.4,72,60,30,20,30,25,thick-fat,guts,sheer-force
hariyama,fighting,,166,2.3,253.8,144,120,60,40,60,50,thick-fat,guts,sheer-force
azurill,normal,fairy,38,0.2,2.0,50,20,40,20,40,20,thick-fat,huge-power,sap-sipper
nosepass,rock,,75,1.0,97.0,30,45,135,45,90,30,sturdy,magnet-pull,sand-force
skitty,normal,,52,0.6,11.0,50,45,45,35,35,50,cute-charm,normalize,wonder-skin
delcatty,normal,,140,1.1,32.6,70,65,65,55,55,90,cute-charm,normalize,wonder-skin
sableye,dark,ghost,133,0.5,11.0,50,75,75,65,65,50,keen-eye,stall,prankster
mawile,steel,fairy,133,0.6,11.5,50,85,85,55,55,50,hyper-cutter,intimidate,sheer-force
aron,steel,rock,66,0.4,60.0,50,70,100,40,40,30,sturdy,rock-head,heavy-metal
lairon,steel,rock,151,0.9,120.0,60,90,140,50,50,40,sturdy,rock-head,heavy-metal
aggron,steel,rock,239,2.1,360.0,70,110,180,60,60,50,sturdy,rock-head,heavy-metal
meditite,fighting,psychic,56,0.6,11.2,30,40,55,40,55,60,pure-power,telepathy,
medicham,fighting,psychic,144,1.3,31.5,60,60,75,60,75,80,pure-power,telepathy,
electrike,electric,,59,0.6,15.2,40,45,40,65,40,65,static,lightning-rod,minus
manectric,electric,,166,1.5,40.2,70,75,60,105,60,105,static,lightning-rod,minus
plusle,electric,,142,0.4,4.2,60,50,40,85,75,95,plus,lightning-rod,
minun,electric,,142,0.4,4.2,60,40,50,75,85,95,minus,volt-absorb,
volbeat,bug,,151,0.7,17.7,65,73,75,47,85,85,illuminate,swarm,prankster
illumise,bug,,151,0.6,17.7,65,47,75,73,85,85,oblivious,tinted-lens,prankster
roselia,grass,poison,140,0.3,2.0,50,60,45,100,80,65,natural-cure,poison-point,leaf-guard
gulpin,poison,,60,0.4,10.3,70,43,53,43,53,40,liquid-ooze,sticky-hold,gluttony
swalot,poison,,163,1.7,80.0,100,73,83,73,83,55,liquid-ooze,sticky-hold,gluttony
carvanha,water,dark,61,0.8,20.8,45,90,20,65,20,65,rough-skin,speed-boost,
sharpedo,water,dark,161,1.8,88.8,70,120,40,95,40,95,rough-skin,speed-boost,
wailmer,water,,80,2.0,130.0,130,70,35,70,35,60,water-veil,oblivious,pressure
wailord,water,,175,14.5,398.0,170,90,45,90,45,60,water-veil,oblivious,pressure
numel,fire,ground,61,0.7,24.0,60,60,40,65,45,35,oblivious,simple,own-tempo
camerupt,fire,ground,161,1.9,220.0,70,100,70,105,75,40,magma-armor,solid-rock,anger-point
torkoal,fire,,165,0.5,80.4,70,85,140,85,70,20,white-smoke,drought,shell-armor
spoink,psychic,,66,0.7,30.6,60,25,35,70,80,60,thick-fat,own-tempo,gluttony
grumpig,psychic,,165,0.9,71.5,80,45,65,90,110,80,thick-fat,own-tempo,gluttony
spinda,normal,,126,1.1,5.0,60,60,60,60,60,60,own-tempo,tangled-feet,contrary
trapinch,ground,,58,0.7,15.0,45,100,45,45,45,10,hyper-cutter,arena-trap,sheer-force
vibrava,ground,dragon,119,1.1,15.3,50,70,50,50,50,70,levitate,,
flygon,ground,dragon,234,2.0,82.0,80,100,80,80,80,100,levitate,,
cacnea,grass,,67,0.4,51.3,50,85,40,85,40,35,sand-veil,water-absorb,
cacturne,grass,dark,166,1.3,77.4,70,115,60,115,60,55,sand-veil,water-absorb,
swablu,normal,flying,62,0.4,1.2,45,40,60,40,75,50,natural-cure,cloud-nine,
altaria,dragon,flying,172,1.1,20.6,75,70,90,70,105,80,natural-cure,cloud-nine,
zangoose,normal,,160,1.3,40.3,73,115,60,60,60,90,immunity,toxic-boost,
seviper,poison,,160,2.7,52.5,73,100,60,100,60,65,shed-skin,infiltrator,
lunatone,rock,psychic,161,1.0,168.0,90,55,65,95,85,70,levitate,,
solrock,rock,psychic,161,1.2,154.0,90,95,85,55,65,70,levitate,,
barboach,water,ground,58,0.4,1.9,50,48,43,46,41,60,oblivious,anticipation,hydration
whiscash,water,ground,164,0.9,23.6,110,78,73,76,71,60,oblivious,anticipation,hydration
corphish,water,,62,0.6,11.5,43,80,65,50,35,35,hyper-cutter,shell-armor,adaptability
crawdaunt,water,dark,164,1.1,32.8,63,120,85,90,55,55,hyper-cutter,shell-armor,adaptability
baltoy,ground,psychic,60,0.5,21.5,40,40,55,40,70,55,levitate,,
claydol,ground,psychic,175,1.5,108.0,60,70,105,70,120,75,levitate,,
lileep,rock,grass,71,1.0,23.8,66,41,77,61,87,23,suction-cups,storm-drain,
cradily,rock,grass,173,1.5,60.4,86,81,97,81,107,43,suction-cups,storm-drain,
anorith,rock,bug,71,0.7,12.5,45,95,50,40,50,75,battle-armor,swift-swim,
armaldo,rock,bug,173,1.5,68.2,75,125,100,70,80,45,battle-armor,swift-swim,
feebas,water,,40,0.6,7.4,20,15,20,10,55,80,swift-swim,oblivious,adaptability
milotic,water,,189,6.2,162.0,95,60,79,100,125,81,marvel-scale,competitive,cute-charm
castform,normal,,147,0.3,0.8,70,70,70,70,70,70,forecast,,
kecleon,normal,,154,1.0,22.0,60,90,70,60,120,40,color-change,protean,
shuppet,ghost,,59,0.6,2.3,44,75,35,63,33,45,insomnia,frisk,cursed-body
banette,ghost,,159,1.1,12.5,64,115,65,83,63,65,insomnia,frisk,cursed-body
duskull,ghost,,59,0.8,15.0,20,40,90,30,90,25,levitate,frisk,
dusclops,ghost,,159,1.6,30.6,40,70,130,60,130,25,pressure,frisk,
tropius,grass,flying,161,2.0,100.0,99,68,83,72,87,51,chlorophyll,solar-power,harvest
chimecho,psychic,,159,0.6,1.0,75,50,80,95,90,65,levitate,,
absol,dark,,163,1.2,47.0,65,130,60,75,60,75,pressure,super-luck,justified
wynaut,psychic,,52,0.6,14.0,95,23,48,23,48,23,shadow-tag,telepathy,
snorunt,ice,,60,0.7,16.8,50,50,50,50,50,50,inner-focus,ice-body,moody
glalie,ice,,168,1.5,256.5,80,80,80,80,80,80,inner-focus,ice-body,moody
spheal,ice,water,58,0.8,39.5,70,40,50,55,50,25,thick-fat,ice-body,oblivious
sealeo,ice,water,144,1.1,87.6,90,60,70,75,70,45,thick-fat,ice-body,oblivious
walrein,ice,water,239,1.4,150.6,110,80,90,95,90,65,thick-fat,ice-body,oblivious
clamperl,water,,69,0.4,52.5,35,64,85,74,55,32,shell-armor,rattled,
huntail,water,,170,1.7,27.0,55,104,105,94,75,52,swift-swim,water-veil,
gorebyss,water,,170,1.8,22.6,55,84,105,114,75,52,swift-swim,hydration,
relicanth,water,rock,170,1.0,23.4,100,90,130,45,65,55,swift-swim,rock-head,sturdy
luvdisc,water,,116,0.6,8.7,43,30,55,40,65,97,swift-swim,hydration,
bagon,dragon,,60,0.6,42.1,45,75,60,40,30,50,rock-head,sheer-force,
shelgon,dragon,,147,1.1,110.5,65,95,100,60,50,50,rock-head,overcoat,
salamence,dragon,flying,270,1.5,102.6,95,135,80,110,80,100,intimidate,moxie,
beldum,steel,psychic,60,0.6,95.2,40,55,80,35,60,30,clear-body,light-metal,
metang,steel,psychic,147,1.2,202.5,60,75,100,55,80,50,clear-body,light-metal,
metagross,steel,psychic,270,1.6,550.0,80,135,130,95,90,70,clear-body,light-metal,
regirock,rock,,261,1.7,230.0,80,100,200,50,100,50,clear-body,sturdy,
regice,ice,,261,1.8,175.0,80,50,100,100,200,50,clear-body,ice-body,
registeel,steel,,261,1.9,205.0,80,75,150,75,150,50,clear-body,light-metal,
latias,dragon,psychic,270,1.4,40.0,80,80,90,110,130,110,levitate,,
latios,dragon,psychic,270,2.0,60.0,80,90,80,130,110,110,levitate,,
kyogre,water,,302,4.5,352.0,100,100,90,150,140,90,drizzle,,
groudon,ground,,302,3.5,950.0,100,150,140,100,90,90,drought,,
rayquaza,dragon,flying,306,7.0,206.5,105,150,90,150,90,95,air-lock,,
jirachi,steel,psychic,270,0.3,1.1,100,100,100,100,100,100,serene-grace,,
deoxys-normal,psychic,,270,1.7,60.8,50,150,50,150,50,150,pressure,,
turtwig,grass,,64,0.4,10.2,55,68,64,45,55,31,overgrow,shell-armor,
grotle,grass,,142,1.1,97.0,75,89,85,55,65,36,overgrow,shell-armor,
torterra,grass,ground,236,2.2,310.0,95,109,105,75,85,56,overgrow,shell-armor,
chimchar,fire,,62,0.5,6.2,44,58,44,58,44,61,blaze,iron-fist,
monferno,fire,fighting,142,0.9,22.0,64,78,52,78,52,81,blaze,iron-fist,
infernape,fire,fighting,240,1.2,55.0,76,104,71,104,71,108,blaze,iron-fist,
piplup,water,,63,0.4,5.2,53,51,53,61,56,40,torrent,competitive,
prinplup,water,,142,0.8,23.0,64,66,68,81,76,50,torrent,competitive,
empoleon,water,steel,239,1.7,84.5,84,86,88,111,101,60,torrent,competitive,
starly,normal,flying,49,0.3,2.0,40,55,30,30,30,60,keen-eye,reckless,
staravia,normal,flying,119,0.6,15.5,55,75,50,40,40,80,intimidate,reckless,
staraptor,normal,flying,218,1.2,24.9,85,120,70,50,60,100,intimidate,reckless,
bidoof,normal,,50,0.5,20.0,59,45,40,35,40,31,simple,unaware,moody
bibarel,normal,water,144,1.0,31.5,79,85,60,55,60,71,simple,unaware,moody
kricketot,bug,,39,0.3,2.2,37,25,41,25,41,25,shed-skin,run-away,
kricketune,bug,,134,1.0,25.5,77,85,51,55,51,65,swarm,technician,
shinx,electric,,53,0.5,9.5,45,65,34,40,34,45,rivalry,intimidate,guts
luxio,electric,,127,0.9,30.5,60,85,49,60,49,60,rivalry,intimidate,guts
luxray,electric,,235,1.4,42.0,80,120,79,95,79,70,rivalry,intimidate,guts
budew,grass,poison,56,0.2,1.2,40,30,35,50,70,55,natural-cure,poison-point,leaf-guard
roserade,grass,poison,232,0.9,14.5,60,70,65,125,105,90,natural-cure,poison-point,technician
cranidos,rock,,70,0.9,31.5,67,125,40,30,30,58,mold-breaker,sheer-force,
rampardos,rock,,173,1.6,102.5,97,165,60,65,50,58,mold-breaker,sheer-force,
shieldon,rock,steel,70,0.5,57.0,30,42,118,42,88,30,sturdy,soundproof,
bastiodon,rock,steel,173,1.3,149.5,60,52,168,47,138,30,sturdy,soundproof,
burmy-plant,bug,,45,0.2,3.4,40,29,45,29,45,36,shed-skin,overcoat,
wormadam-plant,bug,grass,148,0.5,6.5,60,59,85,79,105,36,anticipation,overcoat,
mothim-plant,bug,flying,148,0.9,23.3,70,94,50,94,50,66,swarm,tinted-lens,
combee,bug,flying,49,0.3,5.5,30,30,42,30,42,70,honey-gather,hustle,
vespiquen,bug,flying,166,1.2,38.5,70,80,102,80,102,40,pressure,unnerve,
pachirisu,electric,,142,0.4,3.9,60,45,70,45,90,95,run-away,pickup,volt-absorb
buizel,water,,66,0.7,29.5,55,65,35,60,30,85,swift-swim,water-veil,
floatzel,water,,173,1.1,33.5,85,105,55,85,50,115,swift-swim,water-veil,
cherubi,grass,,55,0.4,3.3,45,35,45,62,53,35,chlorophyll,,
cherrim-overcast,grass,,158,0.5,9.3,70,60,70,87,78,85,flower-gift,,
shellos-west,water,,65,0.3,6.3,76,48,48,57,62,34,sticky-hold,storm-drain,sand-force
gastrodon-west,water,ground,166,0.9,29.9,111,83,68,92,82,39,sticky-hold,storm-drain,sand-force
ambipom,normal,,169,1.2,20.3,75,100,66,60,66,115,technician,pickup,skill-link
drifloon,ghost,flying,70,0.4,1.2,90,50,34,60,44,70,aftermath,unburden,flare-boost
drifblim,ghost,flying,174,1.2,15.0,150,80,44,90,54,80,aftermath,unburden,flare-boost
buneary,normal,,70,0.4,5.5,55,66,44,44,56,85,run-away,klutz,limber
lopunny,normal,,168,1.2,33.3,65,76,84,54,96,105,cute-charm,klutz,limber
mismagius,ghost,,173,0.9,4.4,60,60,60,105,105,105,levitate,,
honchkrow,dark,flying,177,0.9,27.3,100,125,52,105,52,71,insomnia,super-luck,moxie
glameow,normal,,62,0.5,3.9,49,55,42,42,37,85,limber,own-tempo,keen-eye
purugly,normal,,158,1.0,43.8,71,82,64,64,59,112,thick-fat,own-tempo,defiant
chingling,psychic,,57,0.2,0.6,45,30,50,65,50,45,levitate,,
stunky,poison,dark,66,0.4,19.2,63,63,47,41,41,74,stench,aftermath,keen-eye
skuntank,poison,dark,168,1.0,38.0,103,93,67,71,61,84,stench,aftermath,keen-eye
bronzor,steel,psychic,60,0.5,60.5,57,24,86,24,86,23,levitate,heatproof,heavy-metal
bronzong,steel,psychic,175,1.3,187.0,67,89,116,79,116,33,levitate,heatproof,heavy-metal
bonsly,rock,,58,0.5,15.0,50,80,95,10,45,10,sturdy,rock-head,rattled
mime-jr,psychic,fairy,62,0.6,13.0,20,25,45,70,90,60,soundproof,filter,technician
happiny,normal,,110,0.6,24.4,100,5,5,15,65,30,natural-cure,serene-grace,friend-guard
chatot,normal,flying,144,0.5,1.9,76,65,45,92,42,91,keen-eye,tangled-feet,big-pecks
spiritomb,ghost,dark,170,1.0,108.0,50,92,108,92,108,35,pressure,infiltrator,
gible,dragon,ground,60,0.7,20.5,58,70,45,40,45,42,sand-veil,rough-skin,
gabite,dragon,ground,144,1.4,56.0,68,90,65,50,55,82,sand-veil,rough-skin,
garchomp,dragon,ground,270,1.9,95.0,108,130,95,80,85,102,sand-veil,rough-skin,
munchlax,normal,,78,0.6,105.0,135,85,40,40,85,5,pickup,thick-fat,gluttony
riolu,fighting,,57,0.7,20.2,40,70,40,35,40,60,steadfast,inner-focus,prankster
lucario,fighting,steel,184,1.2,54.0,70,110,70,115,70,90,steadfast,inner-focus,justified
hippopotas,ground,,66,0.8,49.5,68,72,78,38,42,32,sand-stream,sand-force,
hippowdon,ground,,184,2.0,300.0,108,112,118,68,72,47,sand-stream,sand-force,
skorupi,poison,bug,66,0.8,12.0,40,50,90,30,55,65,battle-armor,sniper,keen-eye
drapion,poison,dark,175,1.3,61.5,70,90,110,60,75,95,battle-armor,sniper,keen-eye
croagunk,poison,fighting,60,0.7,23.0,48,61,40,61,40,50,anticipation,dry-skin,poison-touch
toxicroak,poison,fighting,172,1.3,44.4,83,106,65,86,65,85,anticipation,dry-skin,poison-touch
carnivine,grass,,159,1.4,27.0,74,100,72,90,72,46,levitate,,
finneon,water,,66,0.4,7.0,49,49,56,49,61,66,swift-swim,storm-drain,water-veil
lumineon,water,,161,1.2,24.0,69,69,76,69,86,91,swift-swim,storm-drain,water-veil
mantyke,water,flying,69,1.0,65.0,45,20,50,60,120,50,swift-swim,water-absorb,water-veil
snover,grass,ice,67,1.0,50.5,60,62,50,62,60,40,snow-warning,soundproof,
abomasnow,grass,ice,173,2.2,135.5,90,92,75,92,85,60,snow-warning,soundproof,
weavile,dark,ice,179,1.1,34.0,70,120,65,45,85,125,pressure,pickpocket,
magnezone,electric,steel,241,1.2,180.0,70,70,115,130,90,60,magnet-pull,sturdy,analytic
lickilicky,normal,,180,1.7,140.0,110,85,95,80,95,50,own-tempo,oblivious,cloud-nine
rhyperior,ground,rock,241,2.4,282.8,115,140,130,55,55,40,lightning-rod,solid-rock,reckless
tangrowth,grass,,187,2.0,128.6,100,100,125,110,50,50,chlorophyll,leaf-guard,regenerator
electivire,electric,,243,1.8,138.6,75,123,67,95,85,95,motor-drive,vital-spirit,
magmortar,fire,,243,1.6,68.0,75,95,67,125,95,83,flame-body,vital-spirit,
togekiss,fairy,flying,245,1.5,38.0,85,50,95,120,115,80,hustle,serene-grace,super-luck
yanmega,bug,flying,180,1.9,51.5,86,76,86,116,56,95,speed-boost,tinted-lens,frisk
leafeon,grass,,184,1.0,25.5,65,110,130,60,65,95,leaf-guard,chlorophyll,
glaceon,ice,,184,0.8,25.9,65,60,110,130,95,65,snow-cloak,ice-body,
gliscor,ground,flying,179,2.0,42.5,75,95,125,45,75,95,hyper-cutter,sand-veil,poison-heal
mamoswine,ice,ground,239,2.5,291.0,110,130,80,70,60,80,oblivious,snow-cloak,thick-fat
porygon-z,normal,,241,0.9,34.0,85,80,70,135,75,90,adaptability,download,analytic
gallade,psychic,fighting,233,1.6,52.0,68,125,65,65,115,80,steadfast,sharpness,justified
probopass,rock,steel,184,1.4,340.0,60,55,145,75,150,40,sturdy,magnet-pull,sand-force
dusknoir,ghost,,236,2.2,106.6,45,100,135,65,135,45,pressure,frisk,
froslass,ice,ghost,168,1.3,26.6,70,80,70,80,70,110,snow-cloak,cursed-body,
rotom,electric,ghost,154,0.3,0.3,50,50,77,95,77,91,levitate,,
uxie,psychic,,261,0.3,0.3,75,75,130,75,130,95,levitate,,
mesprit,psychic,,261,0.3,0.3,80,105,105,105,105,80,levitate,,
azelf,psychic,,261,0.3,0.3,75,125,70,125,70,115,levitate,,
dialga,steel,dragon,306,5.4,683.0,100,120,120,150,100,90,pressure,telepathy,
palkia,water,dragon,306,4.2,336.0,90,120,100,150,120,100,pressure,telepathy,
heatran,fire,steel,270,1.7,430.0,91,90,106,130,106,77,flash-fire,flame-body,
regigigas,normal,,302,3.7,420.0,110,160,110,80,110,100,slow-start,,
giratina-altered,ghost,dragon,306,4.5,750.0,150,100,120,100,120,90,pressure,telepathy,
cresselia,psychic,,270,1.5,85.6,120,70,110,75,120,85,levitate,,
phione,water,,216,0.4,3.1,80,80,80,80,80,80,hydration,,
manaphy,water,,270,0.3,1.4,100,100,100,100,100,100,hydration,,
darkrai,dark,,270,1.5,50.5,70,90,90,135,90,125,bad-dreams,,
shaymin-land,grass,,270,0.2,2.1,100,100,100,100,100,100,natural-cure,,
arceus-normal,normal,,324,3.2,320.0,120,120,120,120,120,120,multitype,,
victini,psychic,fire,270,0.4,4.0,100,100,100,100,100,100,victory-star,,
snivy,grass,,62,0.6,8.1,45,45,55,45,55,63,overgrow,contrary,
servine,grass,,145,0.8,16.0,60,60,75,60,75,83,overgrow,contrary,
serperior,grass,,238,3.3,63.0,75,75,95,75,95,113,overgrow,contrary,
tepig,fire,,62,0.5,9.9,65,63,45,45,45,45,blaze,thick-fat,
pignite,fire,fighting,146,1.0,55.5,90,93,55,70,55,55,blaze,thick-fat,
emboar,fire,fighting,238,1.6,150.0,110,123,65,100,65,65,blaze,reckless,
oshawott,water,,62,0.5,5.9,55,55,45,63,45,45,torrent,shell-armor,
dewott,water,,145,0.8,24.5,75,75,60,83,60,60,torrent,shell-armor,
samurott,water,,238,1.5,94.6,95,100,85,108,70,70,torrent,shell-armor,
patrat,normal,,51,0.5,11.6,45,55,39,35,39,42,run-away,keen-eye,analytic
watchog,normal,,147,1.1,27.0,60,85,69,60,69,77,illuminate,keen-eye,analytic
lillipup,normal,,55,0.4,4.1,45,60,45,25,45,55,vital-spirit,pickup,run-away
herdier,normal,,130,0.9,14.7,65,80,65,35,65,60,intimidate,sand-rush,scrappy
stoutland,normal,,225,1.2,61.0,85,110,90,45,90,80,intimidate,sand-rush,scrappy
purrloin,dark,,56,0.4,10.1,41,50,37,50,37,66,limber,unburden,prankster
liepard,dark,,156,1.1,37.5,64,88,50,88,50,106,limber,unburden,prankster
pansage,grass,,63,0.6,10.5,50,53,48,53,48,64,gluttony,overgrow,
simisage,grass,,174,1.1,30.5,75,98,63,98,63,101,gluttony,overgrow,
pansear,fire,,63,0.6,11.0,50,53,48,53,48,64,gluttony,blaze,
simisear,fire,,174,1.0,28.0,75,98,63,98,63,101,gluttony,blaze,
panpour,water,,63,0.6,13.5,50,53,48,53,48,64,gluttony,torrent,
simipour,water,,174,1.0,29.0,75,98,63,98,63,101,gluttony,torrent,
munna,psychic,,58,0.6,23.3,76,25,45,67,55,24,forewarn,synchronize,telepathy
musharna,psychic,,170,1.1,60.5,116,55,85,107,95,29,forewarn,synchronize,telepathy
pidove,normal,flying,53,0.3,2.1,50,55,50,36,30,43,big-pecks,super-luck,rivalry
tranquill,normal,flying,125,0.6,15.0,62,77,62,50,42,65,big-pecks,super-luck,rivalry
unfezant,normal,flying,220,1.2,29.0,80,115,80,65,55,93,big-pecks,super-luck,rivalry
blitzle,electric,,59,0.8,29.8,45,60,32,50,32,76,lightning-rod,motor-drive,sap-sipper
zebstrika,electric,,174,1.6,79.5,75,100,63,80,63,116,lightning-rod,motor-drive,sap-sipper
roggenrola,rock,,56,0.4,18.0,55,75,85,25,25,15,sturdy,weak-armor,sand-force
boldore,rock,,137,0.9,102.0,70,105,105,50,40,20,sturdy,weak-armor,sand-force
gigalith,rock,,232,1.7,260.0,85,135,130,60,80,25,sturdy,sand-stream,sand-force
woobat,psychic,flying,65,0.4,2.1,65,45,43,55,43,72,unaware,klutz,simple
swoobat,psychic,flying,149,0.9,10.5,67,57,55,77,55,114,unaware,klutz,simple
drilbur,ground,,66,0.3,8.5,60,85,40,30,45,68,sand-rush,sand-force,mold-breaker
excadrill,ground,steel,178,0.7,40.4,110,135,60,50,65,88,sand-rush,sand-force,mold-breaker
audino,normal,,390,1.1,31.0,103,60,86,60,86,50,healer,regenerator,klutz
timburr,fighting,,61,0.6,12.5,75,80,55,25,35,35,guts,sheer-force,iron-fist
gurdurr,fighting,,142,1.2,40.0,85,105,85,40,50,40,guts,sheer-force,iron-fist
conkeldurr,fighting,,227,1.4,87.0,105,140,95,55,65,45,guts,sheer-force,iron-fist
tympole,water,,59,0.5,4.5,50,50,40,50,40,64,swift-swim,hydration,water-absorb
palpitoad,water,ground,134,0.8,17.0,75,65,55,65,55,69,swift-swim,hydration,water-absorb
seismitoad,water,ground,229,1.5,62.0,105,95,75,85,75,74,swift-swim,poison-touch,water-absorb
throh,fighting,,163,1.3,55.5,120,100,85,30,85,45,guts,inner-focus,mold-breaker
sawk,fighting,,163,1.4,51.0,75,125,75,30,75,85,sturdy,inner-focus,mold-breaker
sewaddle,bug,grass,62,0.3,2.5,45,53,70,40,60,42,swarm,chlorophyll,overcoat
swadloon,bug,grass,133,0.5,7.3,55,63,90,50,80,42,leaf-guard,chlorophyll,overcoat
leavanny,bug,grass,225,1.2,20.5,75,103,80,70,80,92,swarm,chlorophyll,overcoat
venipede,bug,poison,52,0.4,5.3,30,45,59,30,39,57,poison-point,swarm,speed-boost
whirlipede,bug,poison,126,1.2,58.5,40,55,99,40,79,47,poison-point,swarm,speed-boost
scolipede,bug,poison,218,2.5,200.5,60,100,89,55,69,112,poison-point,swarm,speed-boost
cottonee,grass,fairy,56,0.3,0.6,40,27,60,37,50,66,prankster,infiltrator,chlorophyll
whimsicott,grass,fairy,168,0.7,6.6,60,67,85,77,75,116,prankster,infiltrator,chlorophyll
petilil,grass,,56,0.5,6.6,45,35,50,70,50,30,chlorophyll,own-tempo,leaf-guard
lilligant,grass,,168,1.1,16.3,70,60,75,110,75,90,chlorophyll,own-tempo,leaf-guard
basculin-red-striped,water,,161,1.0,18.0,70,92,65,80,55,98,reckless,adaptability,mold-breaker
sandile,ground,dark,58,0.7,15.2,50,72,35,35,35,65,intimidate,moxie,anger-point
krokorok,ground,dark,123,1.0,33.4,60,82,45,45,45,74,intimidate,moxie,anger-point
krookodile,ground,dark,234,1.5,96.3,95,117,80,65,70,92,intimidate,moxie,anger-point
darumaka,fire,,63,0.6,37.5,70,90,45,15,45,50,hustle,inner-focus,
darmanitan-standard,fire,,168,1.3,92.9,105,140,55,30,55,95,sheer-force,zen-mode,
maractus,grass,,161,1.0,28.0,75,86,67,106,67,60,water-absorb,chlorophyll,storm-drain
dwebble,bug,rock,65,0.3,14.5,50,65,85,35,35,55,sturdy,shell-armor,weak-armor
crustle,bug,rock,170,1.4,200.0,70,105,125,65,75,45,sturdy,shell-armor,weak-armor
scraggy,dark,fighting,70,0.6,11.8,50,75,70,35,70,48,shed-skin,moxie,intimidate
scrafty,dark,fighting,171,1.1,30.0,65,90,115,45,115,58,shed-skin,moxie,intimidate
sigilyph,psychic,flying,172,1.4,14.0,72,58,80,103,80,97,wonder-skin,magic-guard,tinted-lens
yamask,ghost,,61,0.5,1.5,38,30,85,55,65,30,mummy,,
cofagrigus,ghost,,169,1.7,76.5,58,50,145,95,105,30,mummy,,
tirtouga,water,rock,71,0.7,16.5,54,78,103,53,45,22,solid-rock,sturdy,swift-swim
carracosta,water,rock,173,1.2,81.0,74,108,133,83,65,32,solid-rock,sturdy,swift-swim
archen,rock,flying,71,0.5,9.5,55,112,45,74,45,70,defeatist,,
archeops,rock,flying,177,1.4,32.0,75,140,65,112,65,110,defeatist,,
trubbish,poison,,66,0.6,31.0,50,50,62,40,62,65,stench,sticky-hold,aftermath
garbodor,poison,,166,1.9,107.3,80,95,82,60,82,75,stench,weak-armor,aftermath
zorua,dark,,66,0.7,12.5,40,65,40,80,40,65,illusion,,
zoroark,dark,,179,1.6,81.1,60,105,60,120,60,105,illusion,,
minccino,normal,,60,0.4,5.8,55,50,40,40,40,75,cute-charm,technician,skill-link
cinccino,normal,,165,0.5,7.5,75,95,60,65,60,115,cute-charm,technician,skill-link
gothita,psychic,,58,0.4,5.8,45,30,50,55,65,45,frisk,competitive,shadow-tag
gothorita,psychic,,137,0.7,18.0,60,45,70,75,85,55,frisk,competitive,shadow-tag
gothitelle,psychic,,221,1.5,44.0,70,55,95,95,110,65,frisk,competitive,shadow-tag
solosis,psychic,,58,0.3,1.0,45,30,40,105,50,20,overcoat,magic-guard,regenerator
duosion,psychic,,130,0.6,8.0,65,40,50,125,60,30,overcoat,magic-guard,regenerator
reuniclus,psychic,,221,1.0,20.1,110,65,75,125,85,30,overcoat,magic-guard,regenerator
ducklett,water,flying,61,0.5,5.5,62,44,50,44,50,55,keen-eye,big-pecks,hydration
swanna,water,flying,166,1.3,24.2,75,87,63,87,63,98,keen-eye,big-pecks,hydration
vanillite,ice,,61,0.4,5.7,36,50,50,65,60,44,ice-body,snow-cloak,weak-armor
vanillish,ice,,138,1.1,41.0,51,65,65,80,75,59,ice-body,snow-cloak,weak-armor
vanilluxe,ice,,241,1.3,57.5,71,95,85,110,95,79,ice-body,snow-warning,weak-armor
deerling-spring,normal,grass,67,0.6,19.5,60,60,50,40,50,75,chlorophyll,sap-sipper,serene-grace
sawsbuck-spring,normal,grass,166,1.9,92.5,80,100,70,60,70,95,chlorophyll,sap-sipper,serene-grace
emolga,electric,flying,150,0.4,5.0,55,75,60,75,60,103,static,motor-drive,
karrablast,bug,,63,0.5,5.9,50,75,45,40,45,60,swarm,shed-skin,no-guard
escavalier,bug,steel,173,1.0,33.0,70,135,105,60,105,20,swarm,shell-armor,overcoat
foongus,grass,poison,59,0.2,1.0,69,55,45,55,55,15,effect-spore,regenerator,
amoonguss,grass,poison,162,0.6,10.5,114,85,70,85,80,30,effect-spore,regenerator,
frillish,water,ghost,67,1.2,33.0,55,40,50,65,85,40,water-absorb,cursed-body,damp
jellicent,water,ghost,168,2.2,135.0,100,60,70,85,105,60,water-absorb,cursed-body,damp
alomomola,water,,165,1.2,31.6,165,75,80,40,45,65,healer,hydration,regenerator
joltik,bug,electric,64,0.1,0.6,50,47,50,57,50,65,compound-eyes,unnerve,swarm
galvantula,bug,electric,165,0.8,14.3,70,77,60,97,60,108,compound-eyes,unnerve,swarm
ferroseed,grass,steel,61,0.6,18.8,44,50,91,24,86,10,iron-barbs,,
ferrothorn,grass,steel,171,1.0,110.0,74,94,131,54,116,20,iron-barbs,anticipation,
klink,steel,,60,0.3,21.0,40,55,70,45,60,30,plus,minus,clear-body
klang,steel,,154,0.6,51.0,60,80,95,70,85,50,plus,minus,clear-body
klinklang,steel,,234,0.6,81.0,60,100,115,70,85,90,plus,minus,clear-body
tynamo,electric,,55,0.2,0.3,35,55,40,45,40,60,levitate,,
eelektrik,electric,,142,1.2,22.0,65,85,70,75,70,40,levitate,,
eelektross,electric,,232,2.1,80.5,85,115,80,105,80,50,levitate,,
elgyem,psychic,,67,0.5,9.0,55,55,55,85,55,30,telepathy,synchronize,analytic
beheeyem,psychic,,170,1.0,34.5,75,75,75,125,95,40,telepathy,synchronize,analytic
litwick,ghost,fire,55,0.3,3.1,50,30,55,65,55,20,flash-fire,flame-body,infiltrator
lampent,ghost,fire,130,0.6,13.0,60,40,60,95,60,55,flash-fire,flame-body,infiltrator
chandelure,ghost,fire,234,1.0,34.3,60,55,90,145,90,80,flash-fire,flame-body,infiltrator
axew,dragon,,64,0.6,18.0,46,87,60,30,40,57,rivalry,mold-breaker,unnerve
fraxure,dragon,,144,1.0,36.0,66,117,70,40,50,67,rivalry,mold-breaker,unnerve
haxorus,dragon,,243,1.8,105.5,76,147,90,60,70,97,rivalry,mold-breaker,unnerve
cubchoo,ice,,61,0.5,8.5,55,70,40,60,40,40,snow-cloak,slush-rush,rattled
beartic,ice,,177,2.6,260.0,95,130,80,70,80,50,snow-cloak,slush-rush,swift-swim
cryogonal,ice,,180,1.1,148.0,80,50,50,95,135,105,levitate,,
shelmet,bug,,61,0.4,7.7,50,40,85,40,65,25,hydration,shell-armor,overcoat
accelgor,bug,,173,0.8,25.3,80,70,40,100,60,145,hydration,sticky-hold,unburden
stunfisk,ground,electric,165,0.7,11.0,109,66,84,81,99,32,static,limber,sand-veil
mienfoo,fighting,,70,0.9,20.0,45,85,50,55,50,65,inner-focus,regenerator,reckless
mienshao,fighting,,179,1.4,35.5,65,125,60,95,60,105,inner-focus,regenerator,reckless
druddigon,dragon,,170,1.6,139.0,77,120,90,60,90,48,rough-skin,sheer-force,mold-breaker
golett,ground,ghost,61,1.0,92.0,59,74,50,35,50,35,iron-fist,klutz,no-guard
golurk,ground,ghost,169,2.8,330.0,89,124,80,55,80,55,iron-fist,klutz,no-guard
pawniard,dark,steel,68,0.5,10.2,45,85,70,40,40,60,defiant,inner-focus,pressure
bisharp,dark,steel,172,1.6,70.0,65,125,100,60,70,70,defiant,inner-focus,pressure
bouffalant,normal,,172,1.6,94.6,95,110,95,40,95,55,reckless,sap-sipper,soundproof
rufflet,normal,flying,70,0.5,10.5,70,83,50,37,50,60,keen-eye,sheer-force,hustle
braviary,normal,flying,179,1.5,41.0,100,123,75,57,75,80,keen-eye,sheer-force,defiant
vullaby,dark,flying,74,0.5,9.0,70,55,75,45,65,60,big-pecks,overcoat,weak-armor
mandibuzz,dark,flying,179,1.2,39.5,110,65,105,55,95,80,big-pecks,overcoat,weak-armor
heatmor,fire,,169,1.4,58.0,85,97,66,105,66,65,gluttony,flash-fire,white-smoke
durant,bug,steel,169,0.3,33.0,58,109,112,48,48,109,swarm,hustle,truant
deino,dark,dragon,60,0.8,17.3,52,65,50,45,50,38,hustle,,
zweilous,dark,dragon,147,1.4,50.0,72,85,70,65,70,58,hustle,,
hydreigon,dark,dragon,270,1.8,160.0,92,105,90,125,90,98,levitate,,
larvesta,bug,fire,72,1.1,28.8,55,85,55,50,55,60,flame-body,swarm,
volcarona,bug,fire,248,1.6,46.0,85,60,65,135,105,100,flame-body,swarm,
cobalion,steel,fighting,261,2.1,250.0,91,90,129,90,72,108,justified,,
terrakion,rock,fighting,261,1.9,260.0,91,129,90,72,90,108,justified,,
virizion,grass,fighting,261,2.0,200.0,91,90,72,90,129,108,justified,,
tornadus-incarnate,flying,,261,1.5,63.0,79,115,70,125,80,111,prankster,defiant,
thundurus-incarnate,electric,flying,261,1.5,61.0,79,115,70,125,80,111,prankster,defiant,
reshiram,dragon,fire,306,3.2,330.0,100,120,100,150,120,90,turboblaze,,
zekrom,dragon,electric,306,2.9,345.0,100,150,120,120,100,90,teravolt,,
landorus-incarnate,ground,flying,270,1.5,68.0,89,125,90,115,80,101,sand-force,sheer-force,
kyurem,dragon,ice,297,3.0,325.0,125,130,90,130,90,95,pressure,,
keldeo-ordinary,water,fighting,261,1.4,48.5,91,72,90,129,90,108,justified,,
meloetta-aria,normal,psychic,270,0.6,6.5,100,77,77,128,128,90,serene-grace,,
genesect,bug,steel,270,1.5,82.5,71,120,95,120,95,99,download,,
chespin,grass,,63,0.4,9.0,56,61,65,48,45,38,overgrow,bulletproof,
quilladin,grass,,142,0.7,29.0,61,78,95,56,58,57,overgrow,bulletproof,
chesnaught,grass,fighting,239,1.6,90.0,88,107,122,74,75,64,overgrow,bulletproof,
fennekin,fire,,61,0.4,9.4,40,45,40,62,60,60,blaze,magician,
braixen,fire,,143,1.0,14.5,59,59,58,90,70,73,blaze,magician,
delphox,fire,psychic,240,1.5,39.0,75,69,72,114,100,104,blaze,magician,
froakie,water,,63,0.3,7.0,41,56,40,62,44,71,torrent,protean,
frogadier,water,,142,0.6,10.9,54,63,52,83,56,97,torrent,protean,
greninja,water,dark,239,1.5,40.0,72,95,67,103,71,122,torrent,protean,
bunnelby,normal,,47,0.4,5.0,38,36,38,32,36,57,pickup,cheek-pouch,huge-power
diggersby,normal,ground,148,1.0,42.4,85,56,77,50,77,78,pickup,cheek-pouch,huge-power
fletchling,normal,flying,56,0.3,1.7,45,50,43,40,38,62,big-pecks,gale-wings,
fletchinder,fire,flying,134,0.7,16.0,62,73,55,56,52,84,flame-body,gale-wings,
talonflame,fire,flying,175,1.2,24.5,78,81,71,74,69,126,flame-body,gale-wings,
scatterbug-icy-snow,bug,,40,0.3,2.5,38,35,40,27,25,35,shield-dust,compound-eyes,friend-guard
spewpa-icy-snow,bug,,75,0.3,8.4,45,22,60,27,30,29,shed-skin,friend-guard,
vivillon-meadow,bug,flying,185,1.2,17.0,80,52,50,90,50,89,shield-dust,compound-eyes,friend-guard
litleo,fire,normal,74,0.6,13.5,62,50,58,73,54,72,rivalry,unnerve,moxie
pyroar,fire,normal,177,1.5,81.5,86,68,72,109,66,106,rivalry,unnerve,moxie
flabebe-red,fairy,,61,0.1,0.1,44,38,39,61,79,42,flower-veil,symbiosis,
floette-red,fairy,,130,0.2,0.9,54,45,47,75,98,52,flower-veil,symbiosis,
florges-red,fairy,,248,1.1,10.0,78,65,68,112,154,75,flower-veil,symbiosis,
skiddo,grass,,70,0.9,31.0,66,65,48,62,57,52,sap-sipper,grass-pelt,
gogoat,grass,,186,1.7,91.0,123,100,62,97,81,68,sap-sipper,grass-pelt,
pancham,fighting,,70,0.6,8.0,67,82,62,46,48,43,iron-fist,mold-breaker,scrappy
pangoro,fighting,dark,173,2.1,136.0,95,124,78,69,71,58,iron-fist,mold-breaker,scrappy
furfrou-natural,normal,,165,1.2,28.0,75,80,60,65,90,102,fur-coat,,
espurr,psychic,,71,0.3,3.5,62,48,54,63,60,68,keen-eye,infiltrator,own-tempo
meowstic-male,psychic,,163,0.6,8.5,74,48,76,83,81,104,keen-eye,infiltrator,prankster
honedge,steel,ghost,65,0.8,2.0,45,80,100,35,37,28,no-guard,,
doublade,steel,ghost,157,0.8,4.5,59,110,150,45,49,35,no-guard,,
aegislash-shield,steel,ghost,234,1.7,53.0,60,50,140,50,140,60,stance-change,,
spritzee,fairy,,68,0.2,0.5,78,52,60,63,65,23,healer,aroma-veil,
aromatisse,fairy,,162,0.8,15.5,101,72,72,99,89,29,healer,aroma-veil,
swirlix,fairy,,68,0.4,3.5,62,48,66,59,57,49,sweet-veil,unburden,
slurpuff,fairy,,168,0.8,5.0,82,80,86,85,75,72,sweet-veil,unburden,
inkay,dark,psychic,58,0.4,3.5,53,54,53,37,46,45,contrary,suction-cups,infiltrator
malamar,dark,psychic,169,1.5,47.0,86,92,88,68,75,73,contrary,suction-cups,infiltrator
binacle,rock,water,61,0.5,31.0,42,52,67,39,56,50,tough-claws,sniper,pickpocket
barbaracle,rock,water,175,1.3,96.0,72,105,115,54,86,68,tough-claws,sniper,pickpocket
skrelp,poison,water,64,0.5,7.3,50,60,60,60,60,30,poison-point,poison-touch,adaptability
dragalge,poison,dragon,173,1.8,81.5,65,75,90,97,123,44,poison-point,poison-touch,adaptability
clauncher,water,,66,0.5,8.3,50,53,62,58,63,44,mega-launcher,,
clawitzer,water,,100,1.3,35.3,71,73,88,120,89,59,mega-launcher,,
helioptile,electric,normal,58,0.5,6.0,44,38,33,61,43,70,dry-skin,sand-veil,solar-power
heliolisk,electric,normal,168,1.0,21.0,62,55,52,109,94,109,dry-skin,sand-veil,solar-power
tyrunt,rock,dragon,72,0.8,26.0,58,89,77,45,45,48,strong-jaw,sturdy,
tyrantrum,rock,dragon,182,2.5,270.0,82,121,119,69,59,71,strong-jaw,rock-head,
amaura,rock,ice,72,1.3,25.2,77,59,50,67,63,46,refrigerate,snow-warning,
aurorus,rock,ice,104,2.7,225.0,123,77,72,99,92,58,refrigerate,snow-warning,
sylveon,fairy,,184,1.0,23.5,95,65,65,110,130,60,cute-charm,pixilate,
hawlucha,fighting,flying,175,0.8,21.5,78,92,75,74,63,118,limber,unburden,mold-breaker
dedenne,electric,fairy,151,0.2,2.2,67,58,57,81,67,101,cheek-pouch,pickup,plus
carbink,rock,fairy,100,0.3,5.7,50,50,150,50,150,50,clear-body,sturdy,
goomy,dragon,,60,0.3,2.8,45,50,35,55,75,40,sap-sipper,hydration,gooey
sliggoo,dragon,,158,0.8,17.5,68,75,53,83,113,60,sap-sipper,hydration,gooey
goodra,dragon,,270,2.0,150.5,90,100,70,110,150,80,sap-sipper,hydration,gooey
klefki,steel,fairy,165,0.2,3.0,57,80,91,80,87,75,prankster,magician,
phantump,ghost,grass,62,0.4,7.0,43,70,48,50,60,38,natural-cure,frisk,harvest
trevenant,ghost,grass,166,1.5,71.0,85,110,76,65,82,56,natural-cure,frisk,harvest
pumpkaboo-average,ghost,grass,67,0.4,5.0,49,66,70,44,55,51,pickup,frisk,insomnia
gourgeist-average,ghost,grass,173,0.9,12.5,65,90,122,58,75,84,pickup,frisk,insomnia
bergmite,ice,,61,1.0,99.5,55,69,85,32,35,28,own-tempo,ice-body,sturdy
avalugg,ice,,180,2.0,505.0,95,117,184,44,46,28,own-tempo,ice-body,sturdy
noibat,flying,dragon,49,0.5,8.0,40,30,35,45,40,55,frisk,infiltrator,telepathy
noivern,flying,dragon,187,1.5,85.0,85,70,80,97,80,123,frisk,infiltrator,telepathy
xerneas-active,fairy,,306,3.0,215.0,126,131,95,131,98,99,fairy-aura,,
yveltal,dark,flying,306,5.8,203.0,126,131,95,131,98,99,dark-aura,,
zygarde-50,dragon,ground,270,5.0,305.0,108,100,121,81,95,95,aura-break,,
diancie,rock,fairy,270,0.7,8.8,50,100,150,100,150,50,clear-body,,
hoopa,psychic,ghost,270,0.5,9.0,80,110,60,150,130,70,magician,,
volcanion,fire,water,270,1.7,195.0,80,110,120,130,90,70,water-absorb,,
rowlet,grass,flying,64,0.3,1.5,68,55,55,50,50,42,overgrow,long-reach,
dartrix,grass,flying,147,0.7,16.0,78,75,75,70,70,52,overgrow,long-reach,
decidueye,grass,ghost,239,1.6,36.6,78,107,75,100,100,70,overgrow,long-reach,
litten,fire,,64,0.4,4.3,45,65,40,60,40,70,blaze,intimidate,
torracat,fire,,147,0.7,25.0,65,85,50,80,50,90,blaze,intimidate,
incineroar,fire,dark,239,1.8,83.0,95,115,90,80,90,60,blaze,intimidate,
popplio,water,,64,0.4,7.5,50,54,54,66,56,40,torrent,liquid-voice,
brionne,water,,147,0.6,17.5,60,69,69,91,81,50,torrent,liquid-voice,
primarina,water,fairy,239,1.8,44.0,80,74,74,126,116,60,torrent,liquid-voice,
pikipek,normal,flying,53,0.3,1.2,35,75,30,30,30,65,keen-eye,skill-link,pickup
trumbeak,normal,flying,124,0.6,14.8,55,85,50,40,50,75,keen-eye,skill-link,pickup
toucannon,normal,flying,218,1.1,26.0,80,120,75,75,75,60,keen-eye,skill-link,sheer-force
yungoos,normal,,51,0.4,6.0,48,70,30,30,30,45,stakeout,strong-jaw,adaptability
gumshoos,normal,,146,0.7,14.2,88,110,60,55,60,45,stakeout,strong-jaw,adaptability
grubbin,bug,,60,0.4,4.4,47,62,45,55,45,46,swarm,,
charjabug,bug,electric,140,0.5,10.5,57,82,95,55,75,36,battery,,
vikavolt,bug,electric,225,1.5,45.0,77,70,90,145,75,43,levitate,,
crabrawler,fighting,,68,0.6,7.0,47,82,57,42,47,63,hyper-cutter,iron-fist,anger-point
crabominable,fighting,ice,167,1.7,180.0,97,132,77,62,67,43,hyper-cutter,iron-fist,anger-point
oricorio-baile,fire,flying,167,0.6,3.4,75,70,70,98,70,93,dancer,,
cutiefly,bug,fairy,61,0.1,0.2,40,45,40,55,40,84,honey-gather,shield-dust,sweet-veil
ribombee,bug,fairy,162,0.2,0.5,60,55,60,95,70,124,honey-gather,shield-dust,sweet-veil
rockruff,rock,,56,0.5,9.2,45,65,40,30,40,60,keen-eye,vital-spirit,steadfast
lycanroc-midday,rock,,170,0.8,25.0,75,115,65,55,65,112,keen-eye,sand-rush,steadfast
wishiwashi-solo,water,,61,0.2,0.3,45,20,20,25,25,40,schooling,,
mareanie,poison,water,61,0.4,8.0,50,53,62,43,52,45,merciless,limber,regenerator
toxapex,poison,water,173,0.7,14.5,50,63,152,53,142,35,merciless,limber,regenerator
mudbray,ground,,77,1.0,110.0,70,100,70,45,55,45,own-tempo,stamina,inner-focus
mudsdale,ground,,175,2.5,920.0,100,125,100,55,85,35,own-tempo,stamina,inner-focus
dewpider,water,bug,54,0.3,4.0,38,40,52,40,72,27,water-bubble,water-absorb,
araquanid,water,bug,159,1.8,82.0,68,70,92,50,132,42,water-bubble,water-absorb,
fomantis,grass,,50,0.3,1.5,40,55,35,50,35,35,leaf-guard,contrary,
lurantis,grass,,168,0.9,18.5,70,105,90,80,90,45,leaf-guard,contrary,
morelull,grass,fairy,57,0.2,1.5,40,35,55,65,75,15,illuminate,effect-spore,rain-dish
shiinotic,grass,fairy,142,1.0,11.5,60,45,80,90,100,30,illuminate,effect-spore,rain-dish
salandit,poison,fire,64,0.6,4.8,48,44,40,71,40,77,corrosion,oblivious,
salazzle,poison,fire,168,1.2,22.2,68,64,60,111,60,117,corrosion,oblivious,
stufful,normal,fighting,68,0.5,6.8,70,75,50,45,50,50,fluffy,klutz,cute-charm
bewear,normal,fighting,175,2.1,135.0,120,125,80,55,60,60,fluffy,klutz,unnerve
bounsweet,grass,,42,0.3,3.2,42,30,38,30,38,32,leaf-guard,oblivious,sweet-veil
steenee,grass,,102,0.7,8.2,52,40,48,40,48,62,leaf-guard,oblivious,sweet-veil
tsareena,grass,,230,1.2,21.4,72,120,98,50,98,72,leaf-guard,queenly-majesty,sweet-veil
comfey,fairy,,170,0.1,0.3,51,52,90,82,110,100,flower-veil,triage,natural-cure
oranguru,normal,psychic,172,1.5,76.0,90,60,80,90,110,60,inner-focus,telepathy,symbiosis
passimian,fighting,,172,2.0,82.8,100,120,90,40,60,80,receiver,defiant,
wimpod,bug,water,46,0.5,12.0,25,35,40,20,30,80,wimp-out,,
golisopod,bug,water,186,2.0,108.0,75,125,140,60,90,40,emergency-exit,,
sandygast,ghost,ground,64,0.5,70.0,55,55,80,70,45,15,water-compaction,sand-veil,
palossand,ghost,ground,168,1.3,250.0,85,75,110,100,75,35,water-compaction,sand-veil,
pyukumuku,water,,144,0.3,1.2,55,60,130,30,130,5,innards-out,unaware,
type-null,normal,,107,1.9,120.5,95,95,95,95,95,59,battle-armor,,
silvally-normal,normal,,257,2.3,100.5,95,95,95,95,95,95,rks-system,,
minior-red-meteor,rock,flying,154,0.3,40.0,60,60,100,60,100,60,shields-down,,
komala,normal,,168,0.4,19.9,65,115,65,75,95,65,comatose,,
turtonator,fire,dragon,170,2.0,212.0,60,78,135,91,85,36,shell-armor,,
togedemaru,electric,steel,152,0.3,3.3,65,98,63,40,73,96,iron-barbs,lightning-rod,sturdy
mimikyu-disguised,ghost,fairy,167,0.2,0.7,55,90,80,50,105,96,disguise,,
bruxish,water,psychic,166,0.9,19.0,68,105,70,70,70,92,dazzling,strong-jaw,wonder-skin
drampa,normal,dragon,170,3.0,185.0,78,60,85,135,91,36,berserk,sap-sipper,cloud-nine
dhelmise,ghost,grass,181,3.9,210.0,70,131,100,86,90,40,steelworker,,
jangmo-o,dragon,,60,0.6,29.7,45,55,65,45,45,45,bulletproof,soundproof,overcoat
hakamo-o,dragon,fighting,147,1.2,47.0,55,75,90,65,70,65,bulletproof,soundproof,overcoat
kommo-o,dragon,fighting,270,1.6,78.2,75,110,125,100,105,85,bulletproof,soundproof,overcoat
tapu-koko,electric,fairy,257,1.8,20.5,70,115,85,95,75,130,electric-surge,telepathy,
tapu-lele,psychic,fairy,257,1.2,18.6,70,85,75,130,115,95,psychic-surge,telepathy,
tapu-bulu,grass,fairy,257,1.9,45.5,70,130,115,85,95,75,grassy-surge,telepathy,
tapu-fini,water,fairy,257,1.3,21.2,70,75,115,95,130,85,misty-surge,telepathy,
cosmog,psychic,,40,0.2,0.1,43,29,31,29,31,37,unaware,,
cosmoem,psychic,,140,0.1,999.9,43,29,131,29,131,37,sturdy,,
solgaleo,psychic,steel,306,3.4,230.0,137,137,107,113,89,97,full-metal-body,,
lunala,psychic,ghost,306,4.0,120.0,137,113,89,137,107,97,shadow-shield,,
nihilego,rock,poison,257,1.2,55.5,109,53,47,127,131,103,beast-boost,,
buzzwole,bug,fighting,257,2.4,333.6,107,139,139,53,53,79,beast-boost,,
pheromosa,bug,fighting,257,1.8,25.0,71,137,37,137,37,151,beast-boost,,
xurkitree,electric,,257,3.8,100.0,83,89,71,173,71,83,beast-boost,,
celesteela,steel,flying,257,9.2,999.9,97,101,103,107,101,61,beast-boost,,
kartana,grass,steel,257,0.3,0.1,59,181,131,59,31,109,beast-boost,,
guzzlord,dark,dragon,257,5.5,888.0,223,101,53,97,53,43,beast-boost,,
necrozma,psychic,,270,2.4,230.0,97,107,101,127,89,79,prism-armor,,
magearna,steel,fairy,270,1.0,80.5,80,95,115,130,115,65,soul-heart,,
marshadow,fighting,ghost,270,0.7,22.2,90,125,80,90,90,125,technician,,
poipole,poison,,189,0.6,1.8,67,73,67,73,67,73,beast-boost,,
naganadel,poison,dragon,243,3.6,150.0,73,73,73,127,73,121,beast-boost,,
stakataka,rock,steel,257,5.5,820.0,61,131,211,53,101,13,beast-boost,,
blacephalon,fire,ghost,257,1.8,13.0,53,127,53,151,79,107,beast-boost,,
zeraora,electric,,270,1.5,44.5,88,112,75,102,80,143,volt-absorb,,
meltan,steel,,135,0.2,8.0,46,65,65,55,35,34,magnet-pull,,
melmetal,steel,,270,2.5,800.0,135,143,143,80,65,34,iron-fist,,
grookey,grass,,62,0.3,5.0,50,65,50,40,40,65,overgrow,grassy-surge,
thwackey,grass,,147,0.7,14.0,70,85,70,55,60,80,overgrow,grassy-surge,
rillaboom,grass,,265,2.1,90.0,100,125,90,60,70,85,overgrow,grassy-surge,
scorbunny,fire,,62,0.3,4.5,50,71,40,40,40,69,blaze,libero,
raboot,fire,,147,0.6,9.0,65,86,60,55,60,94,blaze,libero,
cinderace,fire,,265,1.4,33.0,80,116,75,65,75,119,blaze,libero,
sobble,water,,62,0.3,4.0,50,40,40,70,40,70,torrent,sniper,
drizzile,water,,147,0.7,11.5,65,60,55,95,55,90,torrent,sniper,
inteleon,water,,265,1.9,45.2,70,85,65,125,65,120,torrent,sniper,
skwovet,normal,,55,0.3,2.5,70,55,55,35,35,25,cheek-pouch,gluttony,
greedent,normal,,161,0.6,6.0,120,95,95,55,75,20,cheek-pouch,gluttony,
rookidee,flying,,49,0.2,1.8,38,47,35,33,35,57,keen-eye,unnerve,big-pecks
corvisquire,flying,,128,0.8,16.0,68,67,55,43,55,77,keen-eye,unnerve,big-pecks
corviknight,flying,steel,248,2.2,75.0,98,87,105,53,85,67,pressure,unnerve,mirror-armor
blipbug,bug,,36,0.4,8.0,25,20,20,25,45,45,swarm,compound-eyes,telepathy
dottler,bug,psychic,117,0.4,19.5,50,35,80,50,90,30,swarm,compound-eyes,telepathy
orbeetle,bug,psychic,253,0.4,40.8,60,45,110,80,120,90,swarm,frisk,telepathy
nickit,dark,,49,0.6,8.9,40,28,28,47,52,50,run-away,unburden,stakeout
thievul,dark,,159,1.2,19.9,70,58,58,87,92,90,run-away,unburden,stakeout
gossifleur,grass,,50,0.4,2.2,40,40,60,40,60,10,cotton-down,regenerator,effect-spore
eldegoss,grass,,161,0.5,2.5,60,50,90,80,120,60,cotton-down,regenerator,effect-spore
wooloo,normal,,122,0.6,6.0,42,40,55,40,45,48,fluffy,run-away,bulletproof
dubwool,normal,,172,1.3,43.0,72,80,100,60,90,88,fluffy,steadfast,bulletproof
chewtle,water,,57,0.3,8.5,50,64,50,38,38,44,strong-jaw,shell-armor,swift-swim
drednaw,water,rock,170,1.0,115.5,90,115,90,48,68,74,strong-jaw,shell-armor,swift-swim
yamper,electric,,54,0.3,13.5,59,45,50,40,50,26,ball-fetch,rattled,
boltund,electric,,172,1.0,34.0,69,90,60,90,60,121,strong-jaw,competitive,
rolycoly,rock,,48,0.3,12.0,30,40,50,40,50,30,steam-engine,heatproof,flash-fire
carkol,rock,fire,144,1.1,78.0,80,60,90,60,70,50,steam-engine,flame-body,flash-fire
coalossal,rock,fire,255,2.8,310.5,110,80,120,80,90,30,steam-engine,flame-body,flash-fire
applin,grass,dragon,52,0.2,0.5,40,40,80,40,40,20,ripen,gluttony,bulletproof
flapple,grass,dragon,170,0.3,1.0,70,110,80,95,60,70,ripen,gluttony,hustle
appletun,grass,dragon,170,0.4,13.0,110,85,80,100,80,30,ripen,gluttony,thick-fat
silicobra,ground,,63,2.2,7.6,52,57,75,35,50,46,sand-spit,shed-skin,sand-veil
sandaconda,ground,,179,3.8,65.5,72,107,125,65,70,71,sand-spit,shed-skin,sand-veil
cramorant,flying,water,166,0.8,18.0,70,85,55,85,95,85,gulp-missile,,
arrokuda,water,,56,0.5,1.0,41,63,40,40,30,66,swift-swim,propeller-tail,
barraskewda,water,,172,1.3,30.0,61,123,60,60,50,136,swift-swim,propeller-tail,
toxel,electric,poison,48,0.4,11.0,40,38,35,54,35,40,rattled,static,klutz
toxtricity-amped,electric,poison,176,1.6,40.0,75,98,70,114,70,75,punk-rock,plus,technician
sizzlipede,fire,bug,61,0.7,1.0,50,65,45,50,50,45,flash-fire,white-smoke,flame-body
centiskorch,fire,bug,184,3.0,120.0,100,115,65,90,90,65,flash-fire,white-smoke,flame-body
clobbopus,fighting,,62,0.6,4.0,50,68,60,50,50,32,limber,technician,
grapploct,fighting,,168,1.6,39.0,80,118,90,70,80,42,limber,technician,
sinistea-phony,ghost,,62,0.1,0.2,40,45,45,74,54,50,weak-armor,cursed-body,
polteageist-phony,ghost,,178,0.2,0.4,60,65,65,134,114,70,weak-armor,cursed-body,
hatenna,psychic,,53,0.4,3.4,42,30,45,56,53,39,healer,anticipation,magic-bounce
hattrem,psychic,,130,0.6,4.8,57,40,65,86,73,49,healer,anticipation,magic-bounce
hatterene,psychic,fairy,255,2.1,5.1,57,90,95,136,103,29,healer,anticipation,magic-bounce
impidimp,dark,fairy,53,0.4,5.5,45,45,30,55,40,50,prankster,frisk,pickpocket
morgrem,dark,fairy,130,0.8,12.5,65,60,45,75,55,70,prankster,frisk,pickpocket
grimmsnarl,dark,fairy,255,1.5,61.0,95,120,65,95,75,60,prankster,frisk,pickpocket
obstagoon,dark,normal,260,1.6,46.0,93,90,101,60,81,95,reckless,guts,defiant
perrserker,steel,,154,0.8,28.0,70,110,100,50,60,50,battle-armor,tough-claws,steely-spirit
cursola,ghost,,179,1.0,0.4,60,95,50,145,130,30,weak-armor,perish-body,
sirfetchd,fighting,,177,0.8,117.0,62,135,95,68,82,65,steadfast,scrappy,
mr-rime,ice,psychic,182,1.5,58.2,80,85,75,110,100,70,tangled-feet,screen-cleaner,ice-body
runerigus,ground,ghost,169,1.6,66.6,58,95,145,50,105,30,wandering-spirit,,
milcery,fairy,,54,0.2,0.3,45,40,40,50,61,34,sweet-veil,aroma-veil,
alcremie-vanilla-cream-strawberry-sweet,fairy,,173,0.3,0.5,65,60,75,110,121,64,sweet-veil,aroma-veil,
falinks,fighting,,165,3.0,62.0,65,100,100,70,60,75,battle-armor,defiant,
pincurchin,electric,,152,0.3,1.0,48,101,95,91,85,15,lightning-rod,electric-surge,
snom,ice,bug,37,0.3,3.8,30,25,35,45,30,20,shield-dust,ice-scales,
frosmoth,ice,bug,166,1.3,42.0,70,65,60,125,90,65,shield-dust,ice-scales,
stonjourner,rock,,165,2.5,520.0,100,125,135,20,20,70,power-spot,,
eiscue-ice,ice,,165,1.4,89.0,75,80,110,65,90,50,ice-face,,
indeedee-male,psychic,normal,166,0.9,28.0,60,65,55,105,95,95,inner-focus,synchronize,psychic-surge
morpeko-full-belly,electric,dark,153,0.3,3.0,58,95,58,70,58,97,hunger-switch,,
cufant,steel,,66,1.2,100.0,72,80,49,40,49,40,sheer-force,heavy-metal,
copperajah,steel,,175,3.0,650.0,122,130,69,80,69,30,sheer-force,heavy-metal,
dracozolt,electric,dragon,177,1.8,190.0,90,100,90,80,70,75,volt-absorb,hustle,sand-rush
arctozolt,electric,ice,177,2.3,150.0,90,100,90,90,80,55,volt-absorb,static,slush-rush
dracovish,water,dragon,177,2.3,215.0,90,90,100,70,80,75,water-absorb,strong-jaw,sand-rush
arctovish,water,ice,177,2.0,175.0,90,90,100,80,90,55,water-absorb,ice-body,slush-rush
duraludon,steel,dragon,187,1.8,40.0,70,95,115,120,50,85,light-metal,heavy-metal,stalwart
dreepy,dragon,ghost,54,0.5,2.0,28,60,30,40,30,82,clear-body,infiltrator,cursed-body
drakloak,dragon,ghost,144,1.4,11.0,68,80,50,60,50,102,clear-body,infiltrator,cursed-body
dragapult,dragon,ghost,300,3.0,50.0,88,120,75,100,75,142,clear-body,infiltrator,cursed-body
zacian,fairy,,335,2.8,110.0,92,120,115,80,115,138,intrepid-sword,,
zamazenta,fighting,,335,2.9,210.0,92,120,115,80,115,138,dauntless-shield,,
eternatus,poison,dragon,345,20.0,950.0,140,85,95,145,95,130,pressure,,
kubfu,fighting,,77,0.6,12.0,60,90,60,53,50,72,inner-focus,,
urshifu-single-strike,fighting,dark,275,1.9,105.0,100,130,100,63,60,97,unseen-fist,,
zarude,dark,grass,300,1.8,70.0,105,120,105,70,95,105,leaf-guard,,
regieleki,electric,,290,1.2,145.0,80,100,50,100,50,200,transistor,,
regidrago,dragon,,290,2.1,200.0,200,100,50,100,50,80,dragons-maw,,
glastrier,ice,,290,2.2,800.0,100,145,130,65,110,30,chilling-neigh,,
spectrier,ghost,,290,2.0,44.5,100,65,60,145,80,130,grim-neigh,,
calyrex,psychic,grass,250,1.1,7.7,100,80,80,80,80,80,unnerve,,
wyrdeer,normal,psychic,263,1.8,95.1,103,105,72,105,75,65,intimidate,frisk,sap-sipper
kleavor,bug,rock,175,1.8,89.0,70,135,95,45,70,85,swarm,sheer-force,sharpness
ursaluna,ground,normal,275,2.4,290.0,130,140,105,45,80,50,guts,bulletproof,unnerve
basculegion-male,water,ghost,265,3.0,110.0,120,112,65,80,75,78,swift-swim,adaptability,mold-breaker
sneasler,fighting,poison,102,1.3,43.0,80,130,60,40,80,120,pressure,unburden,poison-touch
overqwil,dark,poison,179,2.5,60.5,85,115,95,65,65,85,poison-point,swift-swim,intimidate
enamorus-incarnate,fairy,flying,116,1.6,48.0,74,115,70,135,80,106,cute-charm,contrary,
sprigatito,grass,,62,0.4,4.1,40,61,54,45,45,65,overgrow,protean,
floragato,grass,,144,0.9,12.2,61,80,63,60,63,83,overgrow,protean,
meowscarada,grass,dark,265,1.5,31.2,76,110,70,81,70,123,overgrow,protean,
fuecoco,fire,,62,0.4,9.8,67,45,59,63,40,36,blaze,unaware,
crocalor,fire,,144,1.0,30.7,81,55,78,90,58,49,blaze,unaware,
skeledirge,fire,ghost,265,1.6,326.5,104,75,100,110,75,66,blaze,unaware,
quaxly,water,,62,0.5,6.1,55,65,45,50,45,50,torrent,moxie,
quaxwell,water,,144,1.2,21.5,70,85,65,65,60,65,torrent,moxie,
quaquaval,water,fighting,265,1.8,61.9,85,120,80,85,75,85,torrent,moxie,
lechonk,normal,,51,0.5,10.2,54,45,40,35,45,35,aroma-veil,gluttony,thick-fat
oinkologne-male,normal,,171,1.0,120.0,110,100,75,59,80,65,lingering-aroma,gluttony,thick-fat
tarountula,bug,,42,0.3,4.0,35,41,45,29,40,20,insomnia,stakeout,
spidops,bug,,141,1.0,16.5,60,79,92,52,86,35,insomnia,stakeout,
nymble,bug,,42,0.2,1.0,33,46,40,21,25,45,swarm,tinted-lens,
lokix,bug,dark,158,1.0,17.5,71,102,78,52,55,92,swarm,tinted-lens,
pawmi,electric,,48,0.3,2.5,45,50,20,40,25,60,static,natural-cure,iron-fist
pawmo,electric,fighting,123,0.4,6.5,60,75,40,50,40,85,volt-absorb,natural-cure,iron-fist
pawmot,electric,fighting,245,0.9,41.0,70,115,70,70,60,105,volt-absorb,natural-cure,iron-fist
tandemaus,normal,,61,0.3,1.8,50,50,45,40,45,75,run-away,pickup,own-tempo
maushold-family-of-four,normal,,165,0.3,2.3,74,75,70,65,75,111,friend-guard,cheek-pouch,technician
fidough,fairy,,62,0.3,10.9,37,55,70,30,55,65,own-tempo,klutz,
dachsbun,fairy,,167,0.5,14.9,57,80,115,50,80,95,well-baked-body,aroma-veil,
smoliv,grass,normal,52,0.3,6.5,41,35,45,58,51,30,early-bird,harvest,
dolliv,grass,normal,124,0.6,11.9,52,53,60,78,78,33,early-bird,harvest,
arboliva,grass,normal,255,1.4,48.2,78,69,90,125,109,39,seed-sower,harvest,
squawkabilly-green-plumage,normal,flying,146,0.6,2.4,82,96,51,45,51,92,intimidate,hustle,guts
nacli,rock,,56,0.4,16.0,55,55,75,35,35,25,purifying-salt,sturdy,clear-body
naclstack,rock,,124,0.6,105.0,60,60,100,35,65,35,purifying-salt,sturdy,clear-body
garganacl,rock,,250,2.3,240.0,100,100,130,45,90,35,purifying-salt,sturdy,clear-body
charcadet,fire,,51,0.6,10.5,40,50,40,50,40,35,flash-fire,flame-body,
armarouge,fire,psychic,263,1.5,85.0,85,60,100,125,80,75,flash-fire,weak-armor,
ceruledge,fire,ghost,263,1.6,62.0,75,125,80,60,100,85,flash-fire,weak-armor,
tadbulb,electric,,54,0.3,0.4,61,31,41,59,35,45,own-tempo,static,damp
bellibolt,electric,,173,1.2,113.0,109,64,91,103,83,45,electromorphosis,static,damp
wattrel,electric,flying,56,0.4,3.6,40,40,35,55,40,70,wind-power,volt-absorb,competitive
kilowattrel,electric,flying,172,1.4,38.6,70,70,60,105,60,125,wind-power,volt-absorb,competitive
maschiff,dark,,68,0.5,16.0,60,78,60,40,51,51,intimidate,run-away,stakeout
mabosstiff,dark,,177,1.1,61.0,80,120,90,60,70,85,intimidate,guard-dog,stakeout
shroodle,poison,normal,58,0.2,0.7,40,65,35,40,35,75,unburden,pickpocket,prankster
grafaiai,poison,normal,170,0.7,27.2,63,95,65,80,72,110,unburden,poison-touch,prankster
bramblin,grass,ghost,55,0.6,0.6,40,65,30,45,35,60,wind-rider,infiltrator,
brambleghast,grass,ghost,168,1.2,6.0,55,115,70,80,70,90,wind-rider,infiltrator,
toedscool,ground,grass,67,0.9,33.0,40,40,35,50,100,70,mycelium-might,mycelium-might,
toedscruel,ground,grass,180,1.9,58.0,80,70,65,80,120,100,mycelium-might,mycelium-might,
klawf,rock,,158,1.3,79.0,70,100,115,35,55,75,anger-shell,shell-armor,regenerator
capsakid,grass,,61,0.3,3.0,50,62,40,62,40,50,chlorophyll,insomnia,klutz
scovillain,grass,fire,170,0.9,15.0,65,108,65,108,65,75,chlorophyll,insomnia,moody
rellor,bug,,54,0.2,1.0,41,50,60,31,58,30,compound-eyes,shed-skin,
rabsca,bug,psychic,165,0.3,3.5,75,50,85,115,100,45,synchronize,telepathy,
flittle,psychic,,51,0.2,1.5,30,35,30,55,30,75,anticipation,frisk,speed-boost
espathra,psychic,,168,1.9,90.0,95,60,60,101,60,105,opportunist,frisk,speed-boost
tinkatink,fairy,steel,59,0.4,8.9,50,45,45,35,64,58,mold-breaker,own-tempo,pickpocket
tinkatuff,fairy,steel,133,0.7,59.1,65,55,55,45,82,78,mold-breaker,own-tempo,pickpocket
tinkaton,fairy,steel,253,0.7,112.8,85,75,77,70,105,94,mold-breaker,own-tempo,pickpocket
wiglett,water,,49,1.2,1.8,10,55,25,35,25,95,gooey,rattled,sand-veil
wugtrio,water,,149,1.2,5.4,35,100,50,50,70,120,gooey,rattled,sand-veil
bombirdier,flying,dark,243,1.5,42.9,70,103,85,60,85,82,big-pecks,keen-eye,rocky-payload
finizen,water,,63,1.3,60.2,70,45,40,45,40,75,water-veil,water-veil,
palafin-zero,water,,160,1.3,60.2,100,70,72,53,62,100,zero-to-hero,zero-to-hero,
varoom,steel,poison,60,1.0,35.0,45,70,63,30,45,47,overcoat,slow-start,
revavroom,steel,poison,175,1.8,120.0,80,119,90,54,67,90,overcoat,filter,
cyclizar,dragon,normal,175,1.6,63.0,70,95,65,85,65,121,shed-skin,regenerator,
orthworm,steel,,240,2.5,310.0,70,85,145,60,55,65,earth-eater,sand-veil,
glimmet,rock,poison,70,0.7,8.0,48,35,42,105,60,60,toxic-debris,corrosion,
glimmora,rock,poison,184,1.5,45.0,83,55,90,130,81,86,toxic-debris,corrosion,
greavard,ghost,,58,0.6,35.0,50,61,60,30,55,34,pickup,fluffy,
houndstone,ghost,,171,2.0,15.0,72,101,100,50,97,68,sand-rush,fluffy,
flamigo,flying,fighting,175,1.6,37.0,82,115,74,75,64,90,scrappy,tangled-feet,costar
cetoddle,ice,,67,1.2,45.0,108,68,45,30,40,43,thick-fat,snow-cloak,sheer-force
cetitan,ice,,182,4.5,700.0,170,113,65,45,55,73,thick-fat,slush-rush,sheer-force
veluza,water,psychic,167,2.5,90.0,90,102,73,78,65,70,mold-breaker,sharpness,
dondozo,water,,265,12.0,220.0,150,100,115,65,65,35,unaware,oblivious,water-veil
tatsugiri-curly,dragon,water,166,0.3,8.0,68,50,60,120,95,82,commander,storm-drain,
annihilape,fighting,ghost,268,1.2,56.0,110,115,80,50,90,90,vital-spirit,inner-focus,defiant
clodsire,poison,ground,151,1.8,223.0,130,75,60,45,100,20,poison-point,water-absorb,unaware
farigiraf,normal,psychic,260,3.2,160.0,120,90,70,110,70,60,cud-chew,armor-tail,sap-sipper
dudunsparce-two-segment,normal,,182,3.6,39.2,125,100,80,85,75,55,serene-grace,run-away,rattled
kingambit,dark,steel,275,2.0,120.0,100,135,120,60,85,50,defiant,supreme-overlord,pressure
great-tusk,ground,fighting,285,2.2,320.0,115,131,131,53,53,87,protosynthesis,,
scream-tail,fairy,psychic,285,1.2,8.0,115,65,99,65,115,111,protosynthesis,,
brute-bonnet,grass,dark,285,1.2,21.0,111,127,99,79,99,55,protosynthesis,,
flutter-mane,ghost,fairy,285,1.4,4.0,55,55,55,135,135,135,protosynthesis,,
slither-wing,bug,fighting,285,3.2,92.0,85,135,79,85,105,81,protosynthesis,,
sandy-shocks,electric,ground,285,2.3,60.0,85,81,97,121,85,101,protosynthesis,,
iron-treads,ground,steel,285,0.9,240.0,90,112,120,72,70,106,quark-drive,,
iron-bundle,ice,water,285,0.6,11.0,56,80,114,124,60,136,quark-drive,,
iron-hands,fighting,electric,285,1.8,380.7,154,140,108,50,68,50,quark-drive,,
iron-jugulis,dark,flying,285,1.3,111.0,94,80,86,122,80,108,quark-drive,,
iron-moth,fire,poison,285,1.2,36.0,80,70,60,140,110,110,quark-drive,,
iron-thorns,rock,electric,285,1.6,303.0,100,134,110,70,84,72,quark-drive,,
frigibax,dragon,ice,64,0.5,17.0,65,75,45,35,45,55,thermal-exchange,ice-body,
arctibax,dragon,ice,148,0.8,30.0,90,95,66,45,65,62,thermal-exchange,ice-body,
baxcalibur,dragon,ice,300,2.1,210.0,115,145,92,75,86,87,thermal-exchange,ice-body,
gimmighoul-chest,ghost,,60,0.3,5.0,45,30,70,75,70,10,rattled,,
gholdengo,steel,ghost,275,1.2,30.0,87,60,95,133,91,84,good-as-gold,,
wo-chien,dark,grass,285,1.5,74.2,85,85,100,95,135,70,tablets-of-ruin,,
chien-pao,dark,ice,285,1.9,152.2,80,120,80,90,65,135,sword-of-ruin,,
ting-lu,dark,ground,285,2.7,699.7,155,110,125,55,80,45,vessel-of-ruin,,
chi-yu,dark,fire,285,0.4,4.9,55,80,80,135,120,100,beads-of-ruin,,
roaring-moon,dragon,dark,295,2.0,380.0,105,139,71,55,101,119,protosynthesis,,
iron-valiant,fairy,fighting,295,1.4,35.0,74,130,90,120,60,116,quark-drive,,
koraidon-apex-build,fighting,dragon,335,2.5,303.0,100,135,115,85,100,135,orichalcum-pulse,,
miraidon-ultimate-mode,electric,dragon,335,3.5,240.0,100,85,100,135,115,135,hadron-engine,,
walking-wake,water,dragon,295,3.5,280.0,99,83,91,125,83,109,protosynthesis,,
iron-leaves,grass,psychic,295,1.5,125.0,90,130,88,70,108,104,quark-drive,,
dipplin,grass,dragon,170,0.4,9.7,80,80,110,95,80,40,supersweet-syrup,gluttony,sticky-hold
poltchageist-counterfeit,grass,ghost,62,0.1,1.1,40,45,45,74,54,50,hospitality,heatproof,
sinistcha-unremarkable,grass,ghost,178,0.2,2.2,71,60,106,121,80,70,hospitality,heatproof,
okidogi,poison,fighting,278,1.8,92.2,88,128,115,58,86,80,toxic-chain,guard-dog,
munkidori,poison,psychic,278,1.0,12.2,88,75,66,130,90,106,toxic-chain,frisk,
fezandipiti,poison,fairy,278,1.4,30.1,88,91,82,70,125,99,toxic-chain,technician,
ogerpon,grass,,275,1.2,39.8,80,120,84,60,96,110,defiant,,
archaludon,steel,dragon,300,2.0,60.0,90,105,130,125,65,85,stamina,sturdy,stalwart
hydrapple,grass,dragon,270,1.8,93.0,106,80,110,120,80,44,supersweet-syrup,regenerator,sticky-hold
gouging-fire,fire,dragon,295,3.5,590.0,105,115,121,65,93,91,protosynthesis,,
raging-bolt,electric,dragon,295,5.2,480.0,125,73,91,137,89,75,protosynthesis,,
iron-boulder,rock,psychic,295,1.5,162.5,90,120,80,68,108,124,quark-drive,,
iron-crown,steel,psychic,295,1.6,156.0,90,72,100,122,108,98,quark-drive,,
terapagos,normal,,90,0.2,6.5,90,65,85,65,85,60,tera-shift,,
pecharunt,poison,ghost,300,0.3,0.3,88,88,160,88,88,88,poison-puppeteer,,
